epoch,makespan
1,639
2,627
3,640
4,677
5,644
6,639
7,628
8,653
9,641
10,647
11,657
12,654
13,647
14,644
15,667
16,633
17,635
18,645
19,610
20,645
21,616
22,614
23,605
24,628
25,617
26,632
27,635
28,622
29,626
30,656
31,621
32,609
33,615
34,653
35,637
36,639
37,673
38,769
39,807
40,785
41,785
42,771
43,785
44,771
45,785
46,785
47,785
48,785
49,785
50,771
51,785
52,785
53,785
54,785
55,785
56,785
57,785
58,785
59,771
60,785
61,785
62,785
63,785
64,785
65,785
66,785
67,785
68,785
69,785
70,785
71,785
72,785
73,785
74,785
75,785
76,785
77,785
78,785
79,785
80,785
81,785
82,785
83,785
84,785
85,785
86,785
87,785
88,785
89,785
90,785
91,785
92,785
93,785
94,785
95,785
96,785
97,785
98,785
99,785
100,785
101,785
102,785
103,785
104,785
105,785
106,785
107,785
108,785
109,785
110,785
111,785
112,785
113,785
114,785
115,785
116,785
117,785
118,785
119,785
120,785
121,785
122,785
123,785
124,785
125,785
126,785
127,785
128,785
129,785
130,785
131,785
132,785
133,785
134,785
135,785
136,785
137,785
138,785
139,785
140,785
141,785
142,785
143,785
144,785
145,785
146,785
147,785
148,785
149,785
150,785
151,785
152,785
153,785
154,785
155,785
156,785
157,785
158,785
159,785
160,785
161,785
162,785
163,785
164,785
165,785
166,785
167,785
168,785
169,785
170,785
171,785
172,785
173,785
174,785
175,785
176,785
177,785
178,785
179,785
180,785
181,785
182,785
183,785
184,785
185,785
186,785
187,785
188,785
189,785
190,785
191,785
192,785
193,785
194,785
195,785
196,785
197,785
198,785
199,785
200,785
201,785
202,785
203,785
204,785
205,785
206,785
207,785
208,785
209,785
210,785
211,785
212,785
213,785
214,785
215,785
216,785
217,785
218,785
219,785
220,785
221,785
222,785
223,785
224,785
225,785
226,785
227,785
228,785
229,785
230,785
231,785
232,785
233,785
234,785
235,785
236,785
237,785
238,785
239,785
240,785
241,785
242,785
243,785
244,785
245,785
246,785
247,785
248,785
249,785
250,785
251,785
252,785
253,785
254,785
255,785
256,785
257,785
258,785
259,785
260,785
261,785
262,785
263,785
264,785
265,785
266,785
267,785
268,785
269,785
270,785
271,785
272,785
273,785
274,785
275,785
276,785
277,785
278,785
279,785
280,785
281,785
282,785
283,785
284,785
285,785
286,785
287,785
288,785
289,785
290,785
291,785
292,785
293,785
294,785
295,785
296,785
297,785
298,785
299,785
300,785
301,785
302,785
303,785
304,785
305,785
306,785
307,785
308,785
309,785
310,785
311,785
312,785
313,785
314,785
315,785
316,785
317,785
318,785
319,785
320,785
321,785
322,785
323,785
324,785
325,785
326,785
327,785
328,785
329,785
330,785
331,785
332,785
333,785
334,785
335,785
336,785
337,785
338,785
339,785
340,785
341,785
342,785
343,785
344,785
345,785
346,785
347,785
348,785
349,785
350,785
351,785
352,785
353,785
354,785
355,785
356,785
357,785
358,785
359,785
360,785
361,785
362,785
363,785
364,785
365,785
366,785
367,785
368,785
369,785
370,785
371,785
372,785
373,785
374,785
375,785
376,785
377,785
378,785
379,785
380,785
381,785
382,785
383,785
384,785
385,785
386,785
387,785
388,785
389,785
390,785
391,785
392,785
393,785
394,785
395,785
396,785
397,785
398,785
399,785
400,785
401,785
402,785
403,785
404,785
405,785
406,785
407,785
408,785
409,785
410,785
411,785
412,785
413,785
414,785
415,785
416,785
417,785
418,785
419,785
420,785
421,785
422,785
423,785
424,785
425,785
426,785
427,785
428,785
429,785
430,785
431,785
432,785
433,785
434,785
435,785
436,785
437,785
438,785
439,785
440,785
441,785
442,785
443,785
444,785
445,785
446,785
447,785
448,785
449,785
450,785
451,785
452,785
453,785
454,785
455,785
456,785
457,785
458,785
459,785
460,785
461,785
462,785
463,785
464,785
465,785
466,785
467,785
468,785
469,785
470,785
471,785
472,785
473,785
474,785
475,785
476,785
477,785
478,785
479,785
480,785
481,785
482,785
483,785
484,785
485,785
486,785
487,785
488,785
489,785
490,785
491,785
492,785
493,785
494,785
495,785
496,785
497,785
498,785
499,785
500,785
501,785
502,785
503,785
504,785
505,785
506,785
507,785
508,785
509,785
510,785
511,785
512,785
513,785
514,785
515,785
516,785
517,785
518,785
519,785
520,785
521,785
522,785
523,785
524,785
525,785
526,785
1,647
2,620
3,629
4,622
5,618
1,617
2,670
3,639
4,640
5,662
6,645
7,660
8,662
9,655
10,631
11,637
12,649
13,636
14,642
15,633
16,655
17,653
18,638
19,654
20,667
21,645
22,641
23,646
24,659
25,690
26,659
27,675
28,654
29,669
30,679
31,677
32,681
33,655
34,678
35,681
36,646
37,679
38,724
39,705
40,685
41,662
42,694
43,674
44,693
45,672
46,698
47,646
48,735
49,685
50,701
51,742
52,672
53,710
54,665
55,687
56,696
57,626
58,667
59,681
60,699
61,683
62,673
63,679
64,679
65,712
66,644
67,659
68,680
69,669
70,670
71,696
72,665
73,714
74,708
75,701
76,716
77,720
78,655
79,693
80,693
81,713
82,695
83,695
84,684
85,699
86,684
87,667
88,682
89,734
90,677
91,694
92,690
93,682
94,698
95,696
96,666
97,670
98,674
99,671
100,656
101,669
102,704
103,689
104,721
105,659
106,694
107,643
108,681
109,671
110,677
111,691
112,662
113,681
114,668
115,693
116,702
117,663
118,661
119,664
120,693
121,748
122,704
123,672
124,670
125,687
126,681
127,735
128,656
129,715
130,662
131,677
132,728
133,681
134,696
135,662
136,675
137,643
138,692
139,731
140,682
141,682
142,670
143,650
144,723
145,727
146,653
147,657
148,707
149,676
150,675
151,670
152,651
153,706
154,677
155,742
156,679
157,665
158,695
159,683
160,670
161,627
162,695
163,683
164,674
165,695
166,688
167,661
168,684
169,695
170,705
171,712
172,649
173,707
174,724
175,673
176,701
177,683
178,648
179,687
180,675
181,707
182,680
183,670
184,709
185,720
186,707
187,709
188,663
189,727
190,658
191,648
192,668
193,677
194,689
195,680
196,714
197,738
198,692
199,715
200,649
201,711
202,705
203,673
204,676
205,679
206,727
207,657
208,691
209,718
210,678
211,677
212,739
213,707
214,706
215,725
216,686
217,680
218,735
219,732
220,701
221,712
222,678
223,692
224,740
225,728
226,691
227,684
228,704
229,683
230,712
231,735
232,700
233,671
234,667
235,694
236,724
237,708
238,742
239,656
240,749
241,651
242,692
243,793
244,682
245,675
246,690
247,678
248,693
249,701
250,669
251,681
252,669
253,672
254,750
255,701
256,726
257,669
258,771
259,682
260,692
261,727
262,673
263,680
264,717
265,720
266,700
267,692
268,677
269,704
270,663
271,691
272,682
273,717
274,691
275,709
276,706
277,732
278,667
279,664
280,757
281,722
282,689
283,704
284,683
285,703
286,673
287,720
288,702
289,673
290,677
291,682
292,687
293,661
294,726
295,679
296,687
297,683
298,682
299,679
300,669
301,718
302,678
303,708
304,726
305,698
306,677
307,665
308,702
309,666
310,666
311,691
312,687
313,675
314,694
315,694
316,689
317,717
318,703
319,709
320,728
321,697
322,707
323,698
324,696
325,680
326,642
327,644
328,704
329,691
330,681
331,680
332,723
333,693
334,674
335,639
336,661
337,674
338,683
339,665
340,677
341,742
342,679
343,692
344,693
345,692
346,660
347,663
348,692
349,644
350,697
351,731
352,698
353,699
354,678
355,688
356,678
357,668
358,701
359,648
360,671
361,660
362,674
363,675
364,754
365,643
366,670
367,696
368,739
369,677
370,702
371,717
372,673
373,634
374,684
375,692
376,678
377,651
378,675
379,730
380,679
381,693
382,721
383,701
384,730
385,690
386,701
387,772
388,698
389,701
390,686
391,663
392,704
393,689
394,679
395,744
396,695
397,718
398,673
399,707
400,695
401,677
402,657
403,661
404,666
405,717
406,683
407,752
408,687
409,699
410,703
411,668
412,669
413,702
414,668
415,692
416,687
417,693
418,650
419,701
420,731
421,667
422,713
423,684
424,694
425,705
426,709
427,698
428,668
429,665
430,647
431,712
432,734
433,675
434,677
435,676
436,659
437,669
438,671
439,716
440,650
441,716
442,692
443,729
444,687
445,724
446,687
447,665
448,697
449,669
450,677
451,715
452,707
453,727
454,718
455,659
456,678
457,672
458,719
459,713
460,668
461,659
462,676
463,675
464,649
465,647
