id,name,filePath,startLine,endLine,isExported,content,description
"Function:utilities/Utility_Functions.py:abstract","abstract","utilities/Utility_Functions.py",9,10,true,"

def abstract(cls):
    return ABCMeta(cls.__name__, cls.__bases__, dict(cls.__dict__))


",""
"Function:utilities/Utility_Functions.py:save_score_results","save_score_results","utilities/Utility_Functions.py",13,15,true,"

def save_score_results(file_path, results):
    """"""在给定的路径保存结果""""""
    np.save(file_path, results)


","在给定的路径保存结果"
"Function:utilities/Utility_Functions.py:standardized_rewards","standardized_rewards","utilities/Utility_Functions.py",18,22,true,"

def standardized_rewards(rewards):
    """"""标准化回报，均值为0，标准差为1""""""
    mean_reward = np.mean(rewards)
    std_reward = np.std(rewards)
    return (rewards - mean_reward) / (std_reward + 1e-8)  # 1e-8 added for stability


","标准化回报，均值为0，标准差为1"
"Function:utilities/Utility_Functions.py:normalized_rewards","normalized_rewards","utilities/Utility_Functions.py",25,32,true,"

def normalized_rewards(rewards):
    """"""归一化回报值""""""
    max_value = np.max(rewards)
    min_value = np.min(rewards)
    rewards -= min_value
    rewards = rewards.astype(float)
    rewards /= (max_value - min_value + 1e-5)
    return rewards


","归一化回报值"
"Function:utilities/Utility_Functions.py:create_actor_distribution","create_actor_distribution","utilities/Utility_Functions.py",35,51,true,"

def create_actor_distribution(action_types, actor_output, action_size):
    """"""生成一个分布，并根据分布采用一个动作""""""
    if action_types == ""DISCRETE"":
        assert actor_output.size()[1] == action_size, ""Actor output the wrong size""
        action_distribution = Categorical(actor_output)  # this creates a distribution to sample from
    else:
        assert actor_output.size()[1] == action_size * 2, ""Actor output the wrong size""
        means = actor_output[:, :action_size].squeeze(0)
        stds = actor_output[:,  action_size:].squeeze(0)
        if len(means.shape) == 2:
            means = means.squeeze(-1)
        if len(stds.shape) == 2:
            stds = stds.squeeze(-1)
        if len(stds.shape) > 1 or len(means.shape) > 1:
            raise ValueError(""Wrong mean and std shapes - {} -- {}"".format(stds.shape, means.shape))
        action_distribution = normal.Normal(means.squeeze(0), torch.abs(stds))
    return action_distribution


","生成一个分布，并根据分布采用一个动作"
"Function:utilities/Utility_Functions.py:flatten_action_id_to_actions","flatten_action_id_to_actions","utilities/Utility_Functions.py",114,121,true,"

def flatten_action_id_to_actions(action_id_to_actions, global_action_id_to_primitive_action, num_primitive_actions):
    """"""将action_id_to_actions字典中的值转换回它们所表示的基本动作""""""
    flattened_action_id_to_actions = {}
    for key in action_id_to_actions.keys():
        actions = action_id_to_actions[key]
        raw_actions = backtrack_action_to_primitive_actions(actions, global_action_id_to_primitive_action, num_primitive_actions)
        flattened_action_id_to_actions[key] = raw_actions
    return flattened_action_id_to_actions


","将action_id_to_actions字典中的值转换回它们所表示的基本动作"
"Function:utilities/Utility_Functions.py:backtrack_action_to_primitive_actions","backtrack_action_to_primitive_actions","utilities/Utility_Functions.py",124,138,true,"

def backtrack_action_to_primitive_actions(action_tuple, global_action_id_to_primitive_action, num_primitive_actions):
    """"""Converts an action tuple back to the primitive actions it represents in a recursive way.""""""
    print(""Recursing to backtrack on "", action_tuple)
    primitive_actions = range(num_primitive_actions)
    if all(action in primitive_actions for action in action_tuple): return action_tuple #base case
    new_action_tuple = []
    for action in action_tuple:
        if action in primitive_actions: new_action_tuple.append(action)
        else:
            converted_action = global_action_id_to_primitive_action[action]
            print(new_action_tuple)
            new_action_tuple.extend(converted_action)
            print(""Should have changed: "", new_action_tuple)
    new_action_tuple = tuple(new_action_tuple)
    return backtrack_action_to_primitive_actions(new_action_tuple)
","Converts an action tuple back to the primitive actions it represents in a recursive way."
