id,label,heuristicLabel,processType,stepCount,communities,entryPointId,terminalId
"proc_0_run_n_episodes","Run_n_episodes → Create_actor_distribution","Run_n_episodes → Create_actor_distribution","cross_community",5,"['comm_3','comm_16','comm_6']","Method:agents/HMPSAC/SAC.py:SAC_Discrete.run_n_episodes#0","Function:utilities/Utility_Functions.py:create_actor_distribution"
"proc_1___init__","__init__ → Str_int","__init__ → Str_int","cross_community",5,"['comm_18','comm_24']","Method:environments/MO_DFJSP_breakdown.py:MO_DFJSP_Environment.__init__","Method:environments/MO_DFJSP_instance_read.py:Data.str_int#1"
"proc_2_learn","Learn → Create_actor_distribution","Learn → Create_actor_distribution","cross_community",4,"['comm_16','comm_6']","Method:agents/HMPSAC/SAC.py:SAC_Discrete.learn#0","Function:utilities/Utility_Functions.py:create_actor_distribution"
"proc_3_learn","Learn → Step","Learn → Step","cross_community",4,"['comm_16','comm_2']","Method:agents/HMPSAC/SAC.py:SAC_Discrete.learn#0","Method:agents/Base_Agent.py:Base_Agent.step#0"
"proc_4_step","Step → Machine_available_rj_selectable","Step → Machine_available_rj_selectable","cross_community",4,"['comm_21','comm_22']","Method:environments/MO_DFJSP_breakdown.py:MO_DFJSP_Environment.step#5","Method:environments/MO_DFJSP_breakdown.py:MO_DFJSP_Environment.machine_available_rj_selectable#1"
"proc_5_step","Step → Machine_fluid_available_rj_selectable","Step → Machine_fluid_available_rj_selectable","cross_community",4,"['comm_21','comm_22','comm_23']","Method:environments/MO_DFJSP_breakdown.py:MO_DFJSP_Environment.step#5","Method:environments/MO_DFJSP_breakdown.py:MO_DFJSP_Environment.machine_fluid_available_rj_selectable#1"
"proc_6___init__","__init__ → Process_information","__init__ → Process_information","intra_community",4,"['comm_18']","Method:environments/MO_DFJSP_breakdown.py:MO_DFJSP_Environment.__init__","Method:environments/Instance_generate.py:Instance.process_information#0"
"proc_7___call__","__call__ → Create_actor_distribution","__call__ → Create_actor_distribution","intra_community",4,"['comm_6']","Method:utilities/Parallel_Experience_Generator.py:Parallel_Experience_Generator.__call__#1","Function:utilities/Utility_Functions.py:create_actor_distribution"
"proc_8_learn","Learn → Soft_update_of_target_network","Learn → Soft_update_of_target_network","cross_community",3,"['comm_16','comm_2']","Method:agents/HMPSAC/SAC.py:SAC_Discrete.learn#0","Method:agents/Base_Agent.py:Base_Agent.soft_update_of_target_network#3"
"proc_9_step","Step → Fluid_model","Step → Fluid_model","intra_community",3,"['comm_21']","Method:environments/MO_DFJSP_breakdown.py:MO_DFJSP_Environment.step#5","Method:environments/class_MODFJSP.py:FJSP.fluid_model#0"
"proc_10_step","Step → Reset_fluid_parameter","Step → Reset_fluid_parameter","intra_community",3,"['comm_21']","Method:environments/MO_DFJSP_breakdown.py:MO_DFJSP_Environment.step#5","Method:environments/class_MODFJSP.py:FJSP.reset_fluid_parameter#0"
"proc_11_step","Step → Update_fluid_parameter","Step → Update_fluid_parameter","intra_community",3,"['comm_21']","Method:environments/MO_DFJSP_breakdown.py:MO_DFJSP_Environment.step#5","Method:environments/class_MODFJSP.py:FJSP.update_fluid_parameter#1"
"proc_12_reset","Reset → Fluid_model","Reset → Fluid_model","cross_community",3,"['comm_20','comm_21']","Method:environments/MO_DFJSP_breakdown.py:MO_DFJSP_Environment.reset#0","Method:environments/class_MODFJSP.py:FJSP.fluid_model#0"
"proc_13_reset","Reset → Reset_fluid_parameter","Reset → Reset_fluid_parameter","cross_community",3,"['comm_20','comm_21']","Method:environments/MO_DFJSP_breakdown.py:MO_DFJSP_Environment.reset#0","Method:environments/class_MODFJSP.py:FJSP.reset_fluid_parameter#0"
"proc_14_reset","Reset → Update_fluid_parameter","Reset → Update_fluid_parameter","cross_community",3,"['comm_20','comm_21']","Method:environments/MO_DFJSP_breakdown.py:MO_DFJSP_Environment.reset#0","Method:environments/class_MODFJSP.py:FJSP.update_fluid_parameter#1"
"proc_15_reset","Reset → Update_parameter","Reset → Update_parameter","intra_community",3,"['comm_20']","Method:environments/MO_DFJSP_breakdown.py:MO_DFJSP_Environment.reset#0","Method:environments/MO_DFJSP_breakdown.py:MO_DFJSP_Environment.update_parameter#0"
"proc_16_update_actor_paramet","Update_actor_parameters → Step","Update_actor_parameters → Step","intra_community",3,"['comm_2']","Method:agents/HMPSAC/SAC.py:SAC_Discrete.update_actor_parameters#2","Method:agents/Base_Agent.py:Base_Agent.step#0"
"proc_17_perturb_action_for_e","Perturb_action_for_exploration_purposes → Calculate_epsilon_with_cyclical_strategy","Perturb_action_for_exploration_purposes → Calculate_epsilon_with_cyclical_strategy","intra_community",3,"['comm_29']","Method:exploration_strategies/Epsilon_Greedy_Exploration.py:Epsilon_Greedy_Exploration.perturb_action_for_exploration_purposes#1","Method:exploration_strategies/Epsilon_Greedy_Exploration.py:Epsilon_Greedy_Exploration.calculate_epsilon_with_cyclical_strategy#1"
"proc_18_pareto_count_delete_","Pareto_count_delete_one → To_numpy_array","Pareto_count_delete_one → To_numpy_array","intra_community",3,"['comm_32']","Method:utilities/Utility_Class.py:DataProcess.pareto_count_delete_one#2","Method:utilities/Utility_Class.py:DataProcess.to_numpy_array#1"
"proc_19___init__","__init__ → Str_int","__init__ → Str_int","intra_community",3,"['comm_34']","Method:utilities/Utility_Class.py:Data.__init__#2","Method:utilities/Utility_Class.py:Data.str_int#1"
"proc_20_pick_experiences","Pick_experiences → Separate_out_data_types","Pick_experiences → Separate_out_data_types","intra_community",3,"['comm_37']","Method:utilities/data_structures/Replay_Buffer.py:Replay_Buffer.pick_experiences#1","Method:utilities/data_structures/Replay_Buffer.py:Replay_Buffer.separate_out_data_types#1"
"proc_21___init__","__init__ → Hyper_parameter","__init__ → Hyper_parameter","intra_community",3,"['comm_1']","Method:agents/HMPSAC/SAC.py:SAC_Discrete.__init__#0","Method:utilities/data_structures/Config.py:Config.hyper_parameter#0"
"proc_22___init__","__init__ → Hyper_parameter","__init__ → Hyper_parameter","intra_community",3,"['comm_1']","Method:agents/HMPSAC/A2C_v5.1.py:DA3C.__init__#0","Method:utilities/data_structures/Config.py:Config.hyper_parameter#0"
"proc_23___init__","__init__ → Hyper_parameter","__init__ → Hyper_parameter","intra_community",3,"['comm_1']","Method:agents/HMPSAC/A2C_v5.2.py:DA3C.__init__#0","Method:utilities/data_structures/Config.py:Config.hyper_parameter#0"
"proc_24___init__","__init__ → Hyper_parameter","__init__ → Hyper_parameter","intra_community",3,"['comm_1']","Method:agents/HMPSAC/A2C_v5.3.py:DA3C.__init__#0","Method:utilities/data_structures/Config.py:Config.hyper_parameter#0"
"proc_25___init__","__init__ → __init__","__init__ → __init__","intra_community",3,"['comm_26']","Method:environments/class_MODFJSP.py:Task.__init__#3","Method:environments/class_MODFJSP.py:Kind.__init__#1"
