epoch,energy,episode_reward_sum,critic_loss,actor_task_loss,actor_machine_loss
1,866538,-21245977.0,1.2590901851654053,-1.2416377067565918,-1.1763250827789307
2,866538,-17815144.0,2.057342529296875,-0.5145613551139832,-0.2852281630039215
3,866538,-7264641.0,1.2456783056259155,1.209890365600586,1.1294351816177368
4,866538,-23712335.0,9.84975528717041,3.6086463928222656,3.220564842224121
5,839775,-31676056.0,1.3161165714263916,1.09929358959198,1.0704295635223389
6,847745,-7745981.0,1.2908687591552734,1.1674935817718506,1.1531853675842285
7,847745,-16950031.0,1.2905648946762085,1.231460452079773,1.177544116973877
8,799449,-65028914.0,1.4802262783050537,0.6575284004211426,0.6396325826644897
9,855886,-36421358.0,1.1860260963439941,0.9911808371543884,0.8935590386390686
10,835181,-29426870.0,1.0344699621200562,-0.43619024753570557,-0.38094738125801086
11,816768,-37713005.0,1.2862567901611328,-1.2402969598770142,-1.1722946166992188
12,842644,-15544077.0,7.047036170959473,-3.9797110557556152,-3.5743653774261475
13,826276,-9014095.0,2.182896614074707,-2.61773681640625,-2.381784677505493
14,769960,-78584638.0,5.071653842926025,-0.9657676815986633,-0.7624788880348206
15,731686,-39419766.0,1.2057452201843262,-0.6979648470878601,-0.6847066283226013
16,713749,-60647875.0,2.0134785175323486,-1.1439785957336426,-0.9899207353591919
17,710309,-58584410.0,55.22303771972656,-6.067193508148193,-5.653404712677002
18,683568,-55504529.0,1.065449595451355,-0.6710272431373596,-0.5369454622268677
19,622856,-73855711.0,3.174675941467285,-2.9890763759613037,-2.7122511863708496
20,654901,-7528671.0,1.6578913927078247,-1.4292305707931519,-1.258773684501648
21,664181,-4518538.0,1.0967471599578857,0.5424840450286865,0.6018422245979309
22,665436,-14690823.0,1.2568304538726807,-0.15132959187030792,-0.08589909970760345
23,688734,-36725152.0,1.526071310043335,-1.6571378707885742,-1.518049716949463
24,658456,-114787439.0,2.5964789390563965,1.562090277671814,1.5583012104034424
25,641043,-28251440.0,1.222187876701355,0.8741111755371094,0.931189775466919
26,649754,-40257762.0,51.32246017456055,4.473038673400879,4.399014949798584
27,623435,-52528782.0,2.192697525024414,-2.523392915725708,-2.2874951362609863
28,654931,-9917354.0,219.4409942626953,12.868348121643066,11.405374526977539
29,636936,-61485119.0,10.210705757141113,-3.2012898921966553,-2.9381093978881836
30,676864,-9807534.0,2.4481563568115234,1.7241958379745483,1.6200929880142212
31,675693,-26100857.0,15.01502799987793,3.0729000568389893,3.0988385677337646
32,640241,-55418249.0,18.685197830200195,2.8806464672088623,2.8675737380981445
33,662928,-12638076.0,3.10078501701355,2.045163154602051,1.5205451250076294
34,656340,-25308276.0,3.486375570297241,2.0484540462493896,1.626956582069397
35,623957,-72370132.0,2.8853304386138916,-2.828730583190918,-2.568699836730957
36,653765,-42728017.0,17.090688705444336,3.067909002304077,3.0446650981903076
37,636671,-17416739.0,1.3706347942352295,0.45343026518821716,0.437790185213089
38,642329,-51361453.0,1.6860606670379639,1.619549036026001,1.3644773960113525
39,680330,-25495363.0,1.143160343170166,0.32048267126083374,0.3282909691333771
40,610333,-59672733.0,1.6116536855697632,1.5041970014572144,1.54926598072052
41,604815,-37307565.0,8.210504531860352,1.707593560218811,1.5064209699630737
42,656970,-58653820.0,1.691034197807312,1.6475285291671753,1.4550825357437134
43,657505,-24145218.0,1.076011061668396,-0.04150265455245972,-0.19221808016300201
44,641532,-31688948.0,1.0037089586257935,-0.14644187688827515,-0.08834683895111084
45,645154,-5719200.0,3.180150032043457,-2.5376808643341064,-2.2275969982147217
46,641903,-54586330.0,1.1999648809432983,0.543567419052124,0.4926791787147522
47,645154,-23398999.0,1050.5501708984375,-23.094818115234375,-22.05691909790039
48,645154,-26723283.0,2.730727434158325,-2.5698368549346924,-2.5009446144104004
49,645154,-10209099.0,7.575588226318359,-4.231257915496826,-4.1642351150512695
50,645154,-6807675.0,22.420318603515625,-6.35983419418335,-6.1917266845703125
51,637791,-21796430.0,37.723262786865234,-6.5442795753479,-6.293674945831299
52,640914,-31988900.0,40.71570587158203,-6.005894184112549,-5.75509786605835
53,659854,-42320194.0,3.3976223468780518,-3.006835460662842,-2.8027403354644775
54,637100,-43408975.0,3.493835210800171,-3.3254477977752686,-3.1817383766174316
55,631822,-49522798.0,1129.5574951171875,-17.5271053314209,-17.546260833740234
56,669992,-44065341.0,67.55622100830078,-6.0690717697143555,-6.632158279418945
57,650599,-37667133.0,704.1575927734375,-17.39957618713379,-18.077211380004883
58,665821,-32956553.0,2.183300256729126,-1.7774922847747803,-1.8387351036071777
59,673889,-86024806.0,1.2594250440597534,-0.7525366544723511,-0.7569325566291809
60,634845,-65670310.0,18.595937728881836,-4.0593132972717285,-4.013482093811035
61,648787,-28027286.0,1.499610185623169,-0.9255557060241699,-1.0874838829040527
62,648787,-37183900.0,1.0357298851013184,-0.3944649398326874,-0.42262333631515503
63,648548,-63119978.0,101.91889953613281,-5.290658473968506,-5.598989486694336
64,647134,-49761327.0,192.56051635742188,6.508791923522949,7.998321533203125
65,631336,-43096993.0,80.2929458618164,4.462444305419922,5.487489223480225
66,635951,-27561762.0,1.3250935077667236,0.652670681476593,0.7785325646400452
67,652436,-16719210.0,1.7875672578811646,0.8948388695716858,1.1267378330230713
68,626105,-90905737.0,7.857466220855713,-3.578801155090332,-3.4687366485595703
69,618727,-20269385.0,1.686682939529419,1.029463529586792,1.1630560159683228
70,633927,-44777602.0,4.055210590362549,-1.0888217687606812,-1.2499749660491943
71,647259,-45133186.0,1.1710859537124634,0.44268420338630676,0.5482690334320068
72,647259,-27601841.0,1.5821483135223389,0.9945459365844727,1.0694271326065063
73,627327,-4407118.0,1.3982112407684326,0.6970303654670715,0.6483442783355713
74,592426,-84602711.0,7.453309535980225,-3.9112870693206787,-3.859013080596924
75,631296,-15637825.0,3.3660902976989746,0.9301925897598267,0.7377133965492249
76,618262,-16070112.0,1.6621747016906738,0.7218701839447021,0.6865065693855286
77,618262,-60899398.0,2.05714750289917,-0.8681416511535645,-0.9683554768562317
78,610893,-23966163.0,95.7791748046875,3.921441078186035,3.602867841720581
79,610893,-43035489.0,127.82535552978516,4.249969959259033,3.6140999794006348
80,614347,-13558031.0,1.0520085096359253,0.20548689365386963,0.03682902827858925
81,595350,-6178517.0,1.0211981534957886,0.05559182167053223,-0.12871290743350983
82,613527,-11021174.0,1.0286784172058105,0.07173289358615875,0.01743268221616745
83,595149,-9525284.0,1.0106732845306396,-0.19440503418445587,-0.1768331676721573
84,600015,-19293104.0,11.94393539428711,-1.5088659524917603,-1.4994672536849976
85,600015,-24195373.0,1.102992057800293,-0.3661239743232727,-0.49985674023628235
86,586216,-30431280.0,29.73249626159668,2.2123663425445557,2.020209550857544
87,586216,-33352120.0,1.0165091753005981,-0.02570512518286705,-0.026897139847278595
88,586216,-34123227.0,2.995802879333496,0.5003098249435425,0.4832533001899719
89,586216,-65663059.0,2.654742479324341,0.9811919927597046,1.038093090057373
90,586216,-28260520.0,1.0111812353134155,-0.2931210696697235,-0.3367823362350464
91,586216,-28182431.0,1.0637847185134888,-0.35526737570762634,-0.43385010957717896
92,586216,-11159272.0,2.141869306564331,-0.9412028193473816,-1.0516012907028198
93,586216,-16317941.0,17.76180648803711,-1.529619812965393,-2.0499563217163086
94,586216,-35576705.0,146.89141845703125,-4.388866424560547,-5.546069145202637
95,586216,-34764722.0,7.472232341766357,-0.8236178755760193,-0.989601731300354
96,586216,-32884789.0,9.32335090637207,-0.9019217491149902,-1.1217461824417114
97,586216,-48601857.0,1.4076218605041504,-0.43981873989105225,-0.5255767107009888
98,586216,-47107795.0,9.93310546875,-1.2609199285507202,-1.488900899887085
99,586216,-13381690.0,1.0881386995315552,-0.3170343041419983,-0.42347586154937744
100,586216,-34256469.0,2.073819398880005,-0.5013118386268616,-0.6709198951721191
101,586216,-28494193.0,1.0908416509628296,-0.327880859375,-0.4088476002216339
102,586216,-83214632.0,2881.991455078125,18.06540870666504,23.945161819458008
103,586216,-55776517.0,1.25752592086792,0.14829936623573303,0.20175834000110626
104,586216,-41153340.0,23.151670455932617,2.076892137527466,2.471569538116455
105,586216,-28586459.0,1.7197619676589966,0.30320340394973755,0.37011125683784485
106,586216,-97601341.0,86.79077911376953,-2.6979689598083496,-3.3137662410736084
107,586216,-7643872.0,16.365001678466797,1.1411737203598022,1.567962408065796
108,586216,-34572754.0,2.4494705200195312,0.5837697982788086,0.8224297165870667
109,586216,-31284347.0,4.398460388183594,0.6083400845527649,0.8853678107261658
110,586216,-92853780.0,1.5629228353500366,0.8994331359863281,0.97707200050354
111,586216,-30442662.0,2.8441131114959717,0.5357949137687683,0.8066628575325012
112,582053,-47464005.0,1.097904920578003,0.3362394869327545,0.38662296533584595
113,597876,-8099940.0,1.1941879987716675,0.13440176844596863,0.0945526584982872
114,608379,-36268346.0,51.613346099853516,2.266167640686035,3.796529769897461
115,603989,-27095097.0,8.034218788146973,0.9537109732627869,1.6046454906463623
116,621568,-13841577.0,1.0018647909164429,-0.05583842471241951,-0.2756974995136261
117,620691,-26168326.0,1.230800747871399,0.4058496952056885,0.5604513883590698
118,628037,-90273052.0,8.211277961730957,-0.8494890928268433,-1.1675537824630737
119,642064,-77404052.0,1.1249505281448364,0.13618004322052002,0.17107321321964264
120,634786,-2842626.0,1.241350531578064,-0.22063890099525452,-0.6885107755661011
121,627185,-33410043.0,3.925314426422119,-0.3159911632537842,-0.6642864942550659
122,627185,-32498857.0,10.13514232635498,-0.8303613066673279,-1.3636956214904785
123,621257,-24648447.0,1.6115245819091797,-0.10902399569749832,-0.2655089795589447
124,632480,-23555126.0,1.1105458736419678,-0.32090336084365845,-0.4831451177597046
125,619716,-3182734.0,1.3147525787353516,-0.5531883239746094,-0.7544491291046143
126,612786,-35383958.0,1.2420811653137207,-0.15990017354488373,-0.2598455846309662
127,592126,-17129487.0,2.448546886444092,-0.4357035160064697,-0.8342922329902649
128,618968,-19147951.0,20.809350967407227,-1.447095513343811,-2.5405828952789307
129,598046,-36161530.0,33.812862396240234,-0.9722250699996948,-1.97528076171875
130,586216,-39607557.0,15.034048080444336,-0.8767362833023071,-1.4585328102111816
131,586216,-49824422.0,19.46588897705078,-0.8637897968292236,-1.5871342420578003
132,586216,-53732472.0,10.569195747375488,-0.49657824635505676,-0.9764301180839539
133,586216,-95134471.0,31.366498947143555,-0.8697366118431091,-1.8357112407684326
134,586216,-85634838.0,381.36669921875,-3.5685830116271973,-7.483089447021484
135,586216,-86470693.0,44.585060119628906,-1.3877007961273193,-2.4382753372192383
136,586216,-77232723.0,61.480655670166016,-1.1308399438858032,-2.3468008041381836
137,586216,-31633857.0,1.0013155937194824,0.16429147124290466,0.227924644947052
138,586216,-35755916.0,3.2515671253204346,0.4529079794883728,0.7175384163856506
139,586216,-33193942.0,1.9395776987075806,-0.20395289361476898,-0.4127066135406494
140,586216,-11906191.0,1.0507721900939941,0.06773611158132553,0.18563301861286163
141,586216,-51175547.0,1.0023902654647827,0.06665408611297607,0.06191485375165939
142,586216,-21589904.0,129.9878387451172,1.1874500513076782,2.8423197269439697
143,586216,-24616558.0,5.588494777679443,0.5738799571990967,1.1065367460250854
144,586216,-50632466.0,24.985435485839844,0.8837952613830566,1.9261786937713623
145,586216,-6287253.0,1.7339673042297363,0.14499391615390778,0.03592272475361824
146,586216,-52375854.0,42.89342498779297,0.6097979545593262,2.0090646743774414
147,586216,-73168318.0,13.369149208068848,0.5389238595962524,1.2361191511154175
148,586216,-73464496.0,47.68459701538086,0.8956664800643921,2.234844207763672
149,586216,-39669208.0,6.636214256286621,0.40251272916793823,0.9070077538490295
150,586216,-38574582.0,3.9206953048706055,0.28971174359321594,0.6570034623146057
151,586216,-19909280.0,1.0128408670425415,0.051297254860401154,-0.03853534162044525
152,586216,-62913379.0,34.097225189208984,1.084732174873352,2.4045379161834717
153,586216,-13842648.0,1.0013096332550049,0.014083237387239933,-0.1780998557806015
154,586216,-52384139.0,6.984545707702637,0.29299676418304443,1.038557529449463
155,586216,-25530612.0,1.2846101522445679,0.026908349245786667,0.09999241679906845
156,586216,-88781949.0,145.40216064453125,1.3790642023086548,3.3386192321777344
157,586216,-79231908.0,5.821351051330566,0.29227906465530396,0.9655658602714539
158,606997,-33211337.0,3.0223424434661865,0.31071582436561584,0.7669414281845093
159,635550,-18105970.0,1.057486653327942,0.04736188426613808,-0.005368986167013645
160,635096,-63793838.0,1.3104363679885864,0.1562095433473587,0.3270804286003113
161,639933,-29332546.0,1.667661190032959,0.09192328155040741,-0.07039458304643631
162,655843,-17227073.0,1.0716018676757812,0.01956569217145443,-0.14311760663986206
163,662835,-17765919.0,1.1129484176635742,-0.10640494525432587,-0.26736927032470703
164,698809,-47721854.0,53.52229309082031,-0.8626664876937866,-2.3869166374206543
165,698809,-10494785.0,10.192033767700195,-0.6659058332443237,-1.672406792640686
166,698809,-81103489.0,32.15666961669922,0.6489225029945374,1.8319646120071411
167,698809,-29258123.0,17.98469352722168,-0.8220047354698181,-1.277050256729126
168,698809,-30144784.0,1.5346046686172485,-0.09121181815862656,-0.33977633714675903
169,698809,-40246676.0,1.3478490114212036,-0.04433277249336243,-0.22432754933834076
170,698809,-30513800.0,1.0833829641342163,0.04390723630785942,-0.13880549371242523
171,698809,-23190886.0,9.185755729675293,0.5636395812034607,1.0522987842559814
172,698809,-23851856.0,2.5821900367736816,0.2843150496482849,0.39167436957359314
173,698809,-61834971.0,3.3302505016326904,-0.09848427027463913,-0.3281984031200409
174,698809,-71816592.0,14.018914222717285,-0.297947496175766,-0.9483941197395325
175,698809,-8713465.0,1.1754605770111084,-0.07289636880159378,-0.08565158396959305
176,698809,-32582432.0,2.3570656776428223,0.5287588834762573,0.7880209684371948
177,698809,-22714615.0,29.217042922973633,0.9210420846939087,1.9014731645584106
178,698809,-26769884.0,20.715795516967773,1.1393407583236694,1.7516010999679565
179,698809,-37898338.0,15.181007385253906,0.5881350636482239,1.0793365240097046
180,698809,-24223561.0,143.89549255371094,0.9696110486984253,2.879620313644409
181,698809,-26586403.0,7.936734199523926,0.300396203994751,0.4973151385784149
182,698809,-16383100.0,1.0175691843032837,0.17172199487686157,0.18037699162960052
183,698809,-30731892.0,1.009244441986084,0.01670757494866848,-0.020438749343156815
184,698809,-57154528.0,1.0534762144088745,0.18144580721855164,0.22463439404964447
185,698809,-88319920.0,13.68552017211914,-0.3975338041782379,-1.0042459964752197
186,698809,-28440437.0,2.5248055458068848,-0.1851024329662323,-0.16471605002880096
187,698809,-66644665.0,1.0793776512145996,0.169886514544487,0.1167658343911171
188,698809,-93578663.0,3.1057610511779785,0.36129939556121826,0.6377488970756531
189,698809,-30802100.0,1.001949429512024,0.10723751783370972,0.08269648253917694
190,698809,-19076732.0,26.654129028320312,-0.5353465676307678,-0.6173926591873169
191,698809,-40357231.0,3.652651786804199,-0.1011909767985344,-0.13598564267158508
192,698809,-56576507.0,11.1737060546875,-0.4368188679218292,-0.679721474647522
193,698809,-12067242.0,1.5710113048553467,-0.0674838125705719,-0.15319165587425232
194,698809,-56913427.0,7.9926581382751465,-0.3054821193218231,-0.3627004623413086
195,698809,-43139325.0,5.66690731048584,-0.3635272979736328,-0.3195841908454895
196,698809,-21355800.0,1.0728049278259277,0.15190060436725616,0.12274105101823807
197,698809,-87809305.0,13.669452667236328,0.7207843661308289,1.1533666849136353
198,698809,-64721530.0,5.777657985687256,-0.1946743130683899,-0.23640669882297516
199,698809,-47949239.0,1.0042405128479004,0.18680867552757263,0.14548954367637634
200,698809,-17708916.0,1.191550850868225,0.06629004329442978,0.042200054973363876
201,698809,-65969099.0,23.806716918945312,-0.6364153623580933,-0.9069902896881104
202,698809,-46736381.0,1.217657208442688,0.2488149255514145,0.2413407266139984
203,698809,-57779719.0,1.2682790756225586,0.02387011982500553,0.036939553916454315
204,698809,-80994028.0,11.037675857543945,-0.33402585983276367,-0.456371545791626
205,698809,-69339894.0,1.3451203107833862,0.1983788162469864,0.18701067566871643
206,698809,-3548346.0,1.9213520288467407,0.1279297173023224,-0.012630869634449482
207,698809,-27631528.0,33.13176345825195,0.8194043040275574,0.5150877237319946
208,698809,-7058215.0,1.0684195756912231,0.011466619558632374,-0.02007397450506687
209,698809,-32067443.0,7.337554454803467,0.29336613416671753,0.21216341853141785
210,698809,-75854143.0,1.0023125410079956,0.122015580534935,0.15881003439426422
211,698809,-27105328.0,14.341571807861328,0.43616193532943726,0.23647372424602509
212,698809,-14378340.0,2.2153501510620117,0.24887153506278992,0.11527064442634583
213,698809,-4939074.0,2.8813397884368896,-0.037855181843042374,-0.005328622180968523
214,698809,-74535124.0,1.349254846572876,0.23181436955928802,0.18538662791252136
215,698809,-33766086.0,1.1129770278930664,0.34009137749671936,0.12555432319641113
216,698809,-24804133.0,1.113306999206543,0.1696394681930542,0.11937583237886429
217,698809,-11245113.0,1.1302772760391235,0.07687897235155106,-0.015572573058307171
218,698809,-26632716.0,1.1418169736862183,0.09507068991661072,0.04077727347612381
219,698809,-13703296.0,1.0024900436401367,-0.009036180563271046,0.005829067435115576
220,698809,-21217836.0,1.1160047054290771,0.06831465661525726,0.004814741667360067
221,698809,-53826125.0,5.2336225509643555,0.36704325675964355,0.20691265165805817
222,698809,-26758217.0,1.2781041860580444,0.16637061536312103,0.044371895492076874
223,698809,-51196309.0,4.386828899383545,0.3823096752166748,0.13201464712619781
224,698809,-9737930.0,1.0023255348205566,-0.07447641342878342,-0.008139144629240036
225,698809,-18244952.0,1.0194909572601318,0.1409652680158615,0.024300934746861458
226,698809,-21470575.0,2.414320707321167,-0.049255311489105225,-0.005884455982595682
227,698809,-79959204.0,21.77589988708496,0.6036364436149597,0.4085109829902649
228,698809,-33167755.0,2.891319751739502,-0.007269483525305986,-0.052554771304130554
229,698809,-18554579.0,1.3001610040664673,-0.010125000029802322,-0.03755772113800049
230,698809,-88959539.0,37.4382438659668,0.6126401424407959,0.4553327262401581
231,698809,-63757221.0,1.2102582454681396,0.11219771951436996,-0.01699848473072052
232,698809,-15014489.0,1.0282734632492065,-0.021595707163214684,-0.02614937350153923
233,698809,-49124490.0,1.294424295425415,0.0389869250357151,0.007497048005461693
234,698809,-34807438.0,1.0124913454055786,0.069888174533844,0.03174852207303047
235,698809,-12222490.0,1.013085126876831,-0.1538042575120926,0.013884926214814186
236,698809,-28428954.0,1.5453555583953857,-0.11045368760824203,-0.036949753761291504
237,698809,-15465203.0,1.0010452270507812,0.08398141711950302,0.08844299614429474
238,698809,-12538290.0,1.000315546989441,0.016308438032865524,0.030530739575624466
239,698809,-27850958.0,1.0003302097320557,0.020861368626356125,0.007072847802191973
240,698809,-23259135.0,1.000223994255066,0.10121061652898788,0.04868614673614502
241,698809,-58700938.0,1.0611215829849243,0.06468304246664047,0.029392074793577194
242,698809,-82513482.0,2.7610418796539307,0.3153189420700073,0.18897229433059692
243,698809,-33128305.0,1.0003960132598877,0.07140452414751053,-0.0021276252809911966
244,698809,-13992096.0,1.0000736713409424,-0.0976732075214386,-0.02098699100315571
245,698809,-8435065.0,1.000053882598877,-0.08593448251485825,0.008621439337730408
246,698809,-19078580.0,1.0000768899917603,0.08718942850828171,-0.011052954941987991
247,698809,-52898554.0,1.0005110502243042,0.19084975123405457,0.024329960346221924
248,698809,-53590642.0,1.000434160232544,0.21189430356025696,0.04239068925380707
249,698809,-40421468.0,1.0001407861709595,0.2120618224143982,0.05117342248558998
250,698809,-28840235.0,1.0047186613082886,0.09974435716867447,0.030440296977758408
251,698809,-39931683.0,1.0008970499038696,0.09638842195272446,0.04558942839503288
252,698809,-18766880.0,1.005076289176941,0.1499694138765335,0.05434448644518852
253,698809,-21379763.0,1.0003060102462769,-0.0328524224460125,-0.029215285554528236
254,698809,-74972878.0,1.0010688304901123,0.10683738440275192,-0.009658305905759335
255,698809,-21729086.0,1.0002317428588867,0.12886503338813782,0.07461431622505188
256,698809,-10725656.0,1.0003165006637573,0.0889986902475357,0.029913166537880898
257,698809,-31686993.0,1.0009371042251587,0.1250382512807846,0.04202299565076828
258,698809,-52105662.0,1.0021432638168335,0.12537293136119843,0.03240731358528137
259,698809,-57169126.0,1.0000905990600586,0.1738322228193283,0.05130912363529205
260,698809,-28327808.0,1.0015225410461426,0.1432989239692688,0.056006837636232376
261,698809,-85153484.0,1.0003077983856201,0.11162909865379333,0.05202893540263176
262,698809,-5049544.0,1.0002424716949463,0.011069719679653645,0.1051531508564949
263,698809,-56525457.0,1.004481315612793,0.12698177993297577,0.0349612757563591
264,698809,-51715896.0,1.1926389932632446,0.14323295652866364,0.03289637342095375
265,698809,-29572848.0,1.0019010305404663,0.10592975467443466,0.03319390118122101
266,698809,-17381839.0,1.0012787580490112,0.13626310229301453,0.0985056534409523
267,698809,-6554515.0,1.0025430917739868,-0.10535968840122223,-0.07502856105566025
268,698809,-62466233.0,1.0458197593688965,0.10750773549079895,0.007508144713938236
269,698809,-41686192.0,1.0148351192474365,0.08097461611032486,0.017644695937633514
270,698809,-51303089.0,1.0004137754440308,0.145119771361351,0.050067950040102005
271,698809,-10719611.0,1.000051498413086,0.08561156690120697,0.07737082988023758
272,698809,-26427442.0,1.000045657157898,0.05643881484866142,0.027795974165201187
273,698809,-51835564.0,1.0218297243118286,0.06332668662071228,0.05209837481379509
274,698809,-47088805.0,1.0001784563064575,0.13848070800304413,0.06830400228500366
275,698809,-32154473.0,1.0066523551940918,0.007999747060239315,0.05542220175266266
276,698809,-16195103.0,1.0002386569976807,0.039862342178821564,-0.004128308966755867
277,698809,-15428447.0,1.0004208087921143,0.06274637579917908,0.02400883287191391
278,698809,-9684467.0,1.0001466274261475,0.08683009445667267,0.03192848712205887
279,698809,-67920015.0,1.0114511251449585,0.02114606276154518,0.004250519443303347
280,698809,-23679837.0,1.000125765800476,0.08253587782382965,0.05425843223929405
281,698809,-81975430.0,1.0039668083190918,0.07750633358955383,0.051273636519908905
282,698809,-58996178.0,1.2573132514953613,0.03191510960459709,0.019664181396365166
283,698809,-29619029.0,1.0003721714019775,0.08477750420570374,0.016015099361538887
284,698809,-71540225.0,1.0327879190444946,0.12618884444236755,0.03513555973768234
285,698809,-23568270.0,1.000319480895996,0.11091599613428116,0.05757485702633858
286,698809,-18710056.0,1.0001635551452637,0.06150885298848152,0.04961340129375458
287,698809,-54713228.0,1.0009043216705322,0.13200174272060394,0.06957899779081345
288,698809,-16233558.0,1.000136375427246,-0.0032798978500068188,0.0060392115265131
289,698809,-41955025.0,1.0003517866134644,0.1244458332657814,0.058588989078998566
290,698809,-70260585.0,1.0025421380996704,0.05897878110408783,0.03306463360786438
291,698809,-80465289.0,1.0122838020324707,0.12479876726865768,0.06205815449357033
292,698809,-17958543.0,1.000217080116272,0.10379008948802948,0.0281582772731781
293,698809,-6291412.0,1.0001990795135498,-0.07733563333749771,-0.04096393287181854
294,698809,-21993479.0,1.0001134872436523,0.08154959231615067,0.025474788621068
295,698809,-27991263.0,1.0001558065414429,0.10908588021993637,0.06658603996038437
296,698809,-43738018.0,1.0003442764282227,0.11259496957063675,0.05014779791235924
297,698809,-8573532.0,1.0012578964233398,-0.06006553769111633,-0.032152798026800156
298,698809,-26306727.0,1.0013201236724854,0.06742231547832489,0.01023232564330101
299,698809,-103721667.0,1.0140641927719116,0.1253766566514969,0.07922348380088806
300,698809,-73639986.0,1.0023016929626465,0.10774616152048111,0.06848017126321793
301,698809,-8128182.0,1.000839114189148,-0.0007126951240934432,-0.005578653421252966
302,698809,-55643875.0,1.0001360177993774,0.08481951057910919,0.04213881120085716
303,698809,-61229669.0,1.0029690265655518,0.10501038283109665,0.06306774914264679
304,698809,-12249865.0,1.0029656887054443,0.08826527744531631,0.05346615985035896
305,698809,-41697790.0,1.0005937814712524,0.07650593668222427,0.03975597023963928
306,698809,-44412549.0,1.0177582502365112,0.08107738941907883,0.08497555553913116
307,698809,-60278562.0,1.0076111555099487,0.14881330728530884,0.05487707629799843
308,698809,-41947835.0,1.6072394847869873,-0.011789343319833279,-0.00794938113540411
309,698809,-27521209.0,1.0256624221801758,-0.03749144822359085,-0.029090918600559235
310,698809,-56396482.0,1.048818826675415,0.08105788379907608,0.028043430298566818
311,698809,-55171068.0,1.0003550052642822,0.04601627588272095,0.005028491374105215
312,698809,-33386629.0,1.092999815940857,0.010020031593739986,-0.01522594690322876
313,698809,-33916994.0,1.0049132108688354,0.031550776213407516,0.0174120906740427
314,698809,-12048997.0,1.0005431175231934,-0.008494825102388859,0.004087801557034254
315,698809,-85222093.0,1.0019851922988892,0.10933055728673935,0.07237312197685242
316,698809,-17109326.0,1.0152337551116943,0.1518734097480774,0.08582987636327744
317,698809,-39968695.0,1.0069793462753296,0.06372058391571045,0.06090354174375534
318,698809,-22918776.0,1.0000438690185547,0.12836822867393494,0.06986942142248154
319,698809,-15748097.0,1.0365921258926392,0.04416221007704735,0.05196643993258476
320,698809,-51398935.0,1.0146476030349731,0.10401242226362228,0.03445230796933174
321,698809,-10552702.0,1.0005778074264526,0.008822309784591198,0.02900380641222
322,698809,-49377773.0,1.0008494853973389,0.03444572165608406,0.060064397752285004
323,698809,-33148579.0,1.0002126693725586,0.09665843099355698,0.0013056978350505233
324,698809,-59906528.0,1.0028800964355469,0.11568238586187363,0.05353529006242752
325,698809,-30921179.0,1.0072168111801147,0.09777549654245377,0.027193216606974602
326,698809,-25303444.0,1.0174533128738403,0.17065773904323578,0.1026684045791626
327,698809,-6769073.0,1.0005797147750854,-0.04000973701477051,-0.020357178524136543
328,698809,-50402278.0,1.1287097930908203,0.10818476974964142,0.0625787302851677
329,698809,-56769841.0,1.0010347366333008,0.010172178037464619,0.0031043076887726784
330,698809,-72427904.0,1.02035391330719,0.04263407737016678,0.00788627378642559
331,698809,-21679287.0,1.0001260042190552,-0.006483352277427912,-0.011739649809896946
332,698809,-33739165.0,1.0006040334701538,-0.015069073997437954,0.04151766747236252
333,698809,-31320907.0,1.000097393989563,-0.019939163699746132,0.03158353641629219
334,698809,-14474132.0,1.0000779628753662,-0.02381196990609169,-0.0159224234521389
335,698809,-59503866.0,1.0001323223114014,0.07686928659677505,0.04589810222387314
336,698809,-49168565.0,1.0001221895217896,0.08807464689016342,0.07071495056152344
337,698809,-43986701.0,1.000123143196106,0.11953774839639664,0.05900409072637558
338,698809,-44652123.0,1.000091552734375,0.06401314586400986,0.04752030968666077
339,698809,-64786235.0,1.0001226663589478,0.05253397300839424,0.020139174535870552
340,698809,-48781323.0,1.0000977516174316,0.10027114301919937,0.09321910887956619
341,698809,-12763729.0,1.0003429651260376,-0.017210526391863823,-0.005754058249294758
342,698809,-18500538.0,1.000034213066101,-0.024685386568307877,0.010914184153079987
343,698809,-56419977.0,1.000096082687378,0.04486594721674919,0.0221685990691185
344,698809,-24268779.0,1.0000271797180176,0.08610852807760239,0.042808230966329575
345,698809,-34307903.0,1.000043511390686,0.061202406883239746,0.031052397564053535
346,698809,-74982271.0,1.0000697374343872,0.10957959294319153,0.08087737113237381
347,698809,-7371780.0,1.0000096559524536,-0.040539421141147614,0.03648209571838379
348,698809,-21001895.0,1.000013828277588,0.007288689259439707,-0.0027900750283151865
349,698809,-20803886.0,1.000012755393982,0.007315248716622591,0.004866570699959993
350,698809,-43804660.0,1.0007089376449585,0.09495030343532562,0.06728796660900116
351,698809,-59063663.0,1.0000410079956055,0.08730579167604446,0.07653164118528366
352,698809,-21254376.0,1.0000216960906982,0.050797026604413986,0.03980829566717148
353,698809,-31180627.0,1.0003656148910522,0.027836473658680916,0.022990338504314423
354,698809,-20042968.0,1.00001060962677,0.05159713327884674,0.07079129666090012
355,698809,-5605486.0,1.0000245571136475,-0.056588709354400635,-0.048377834260463715
356,698809,-32253834.0,1.0000982284545898,0.09262144565582275,0.08337026834487915
357,698809,-31388281.0,1.0067203044891357,0.04656609892845154,0.0665590837597847
358,698809,-22695702.0,1.0000183582305908,0.029752738773822784,0.0707048550248146
359,698809,-45972534.0,1.0001540184020996,0.09180258214473724,0.11064372211694717
360,698809,-74876951.0,1.0000977516174316,0.035623934119939804,0.03115716017782688
361,698809,-56222545.0,1.0000139474868774,0.09321271628141403,0.09529207646846771
362,698809,-31520141.0,1.0000710487365723,0.07475252449512482,0.0561920702457428
363,698809,-14803956.0,1.0000699758529663,-0.0049106222577393055,0.019403498619794846
364,698809,-50638646.0,1.0000295639038086,0.0784003809094429,0.061904214322566986
365,698809,-13043024.0,1.0003228187561035,0.0632077232003212,-0.02667117863893509
366,698809,-43554355.0,1.0000320672988892,0.023707257583737373,0.049758605659008026
367,698809,-18872990.0,1.0000358819961548,0.0411718524992466,0.061239488422870636
368,698809,-26227331.0,1.0000392198562622,0.012234276160597801,0.03231605514883995
369,698809,-11435977.0,1.0000224113464355,-0.03940679877996445,0.006501751020550728
370,698809,-18498354.0,1.0009719133377075,0.09374319761991501,0.05035717785358429
371,698809,-12529270.0,1.000029444694519,0.002013314748182893,0.029059862717986107
372,698809,-50612644.0,1.0000232458114624,0.08088549226522446,0.09340544790029526
373,698809,-18874927.0,1.0000206232070923,0.02395075000822544,0.00949036329984665
374,698809,-15445769.0,1.0000313520431519,0.03173794969916344,0.02212321199476719
375,698809,-23009791.0,1.0000590085983276,-0.006967198569327593,0.031737349927425385
376,698809,-16184732.0,1.0000762939453125,0.07166893035173416,0.06767284870147705
377,698809,-74462999.0,1.0000181198120117,0.06760090589523315,0.07532963156700134
378,698809,-24122972.0,1.0000112056732178,0.005554248578846455,0.05021798238158226
379,698809,-34026966.0,1.0000284910202026,0.043843746185302734,0.028388597071170807
380,698809,-45220142.0,1.0002998113632202,0.0749664157629013,0.056112781167030334
381,698809,-18265546.0,1.0002115964889526,0.07155971974134445,0.07271004468202591
382,698809,-27434318.0,1.0000128746032715,0.041490551084280014,0.021638914942741394
383,698809,-79198211.0,1.0000567436218262,0.05568790063261986,0.031225040555000305
384,698809,-20256200.0,1.0000147819519043,0.0036086756736040115,0.04381495341658592
385,698809,-29393385.0,1.0003846883773804,0.034997809678316116,0.028790371492505074
386,698809,-19964735.0,1.000018835067749,0.0728042796254158,0.036021165549755096
387,698809,-55999374.0,1.0000309944152832,0.0715918317437172,0.07537522166967392
388,698809,-47499572.0,1.0000133514404297,0.03861454874277115,0.05607036501169205
389,698809,-34694452.0,1.000009536743164,0.02166604995727539,0.004676067735999823
390,698809,-93299633.0,1.00131356716156,0.04851338639855385,0.07084784656763077
391,698809,-7030868.0,1.0000054836273193,-0.011593666858971119,-0.04154886305332184
392,698809,-22207745.0,1.0000149011611938,0.04420137405395508,0.07180806249380112
393,698809,-16695050.0,1.0000228881835938,0.02718508057296276,0.028870990499854088
394,698809,-16271662.0,1.0000118017196655,0.08065131306648254,0.0447714626789093
395,698809,-12930119.0,1.002071738243103,0.0120677649974823,0.004697832744568586
396,698809,-17038407.0,1.0000088214874268,0.01873292401432991,0.014499283395707607
397,698809,-84894875.0,1.0000585317611694,0.1237097978591919,0.1457946002483368
398,698809,-59526945.0,1.0015085935592651,0.08478274196386337,0.07831178605556488
399,698809,-21547456.0,1.000008225440979,0.01815568283200264,0.048310477286577225
400,698809,-14275285.0,1.0000098943710327,0.006276540923863649,0.006791544612497091
401,698809,-5621561.0,1.0000072717666626,-0.000539258646313101,-0.009206409566104412
402,698809,-9167189.0,1.0000104904174805,0.025126494467258453,0.018641892820596695
403,698809,-59450915.0,1.0000072717666626,0.05919565260410309,0.019766150042414665
404,698809,-19302707.0,1.0000132322311401,0.03247283771634102,0.033478546887636185
405,698809,-36237992.0,1.0000191926956177,0.06826888769865036,0.023626377806067467
406,698809,-29470972.0,1.0000697374343872,0.04416966438293457,-0.022590946406126022
407,698809,-26007741.0,1.0000120401382446,0.04187425225973129,0.03116721101105213
408,698809,-20968010.0,1.0000194311141968,-0.018511824309825897,-0.003228535642847419
409,698809,-12354254.0,1.0000139474868774,0.05537542700767517,0.016756515949964523
410,698809,-48739967.0,1.000010371208191,0.08904863148927689,0.1031157523393631
411,698809,-22885291.0,1.0000052452087402,0.04740407317876816,-0.016081105917692184
412,698809,-78221443.0,1.0005817413330078,0.10785261541604996,0.15137051045894623
413,698809,-38604420.0,1.0000197887420654,0.06695381551980972,0.057845842093229294
414,698809,-58988950.0,1.0000126361846924,0.07833530008792877,0.08756289631128311
415,698809,-43883821.0,1.000031590461731,0.07421314716339111,-0.001639032969251275
416,698809,-36700788.0,1.0000059604644775,-0.011392016895115376,-0.01323476992547512
417,698809,-26587403.0,1.0000065565109253,0.04245059937238693,0.008662916719913483
418,698809,-20344647.0,1.0000087022781372,0.07493387907743454,0.09208803623914719
419,698809,-9317184.0,1.0000028610229492,-0.016076672822237015,-0.02886214293539524
420,698809,-46486589.0,1.0000123977661133,0.05179500952363014,0.02975858747959137
421,698809,-17358988.0,1.0000214576721191,0.05062003806233406,-0.024473266676068306
422,698809,-68803586.0,1.0001760721206665,0.05176040530204773,0.04985226318240166
423,698809,-50217196.0,1.0033329725265503,0.03790518641471863,0.033936288207769394
424,698809,-12290419.0,1.000006079673767,-0.05588147044181824,0.032221175730228424
425,698809,-52539008.0,1.0000362396240234,0.08942016959190369,0.030071377754211426
426,698809,-23531554.0,1.0003869533538818,0.01635100319981575,0.02814408391714096
427,698809,-30184149.0,1.000070571899414,0.03478885442018509,0.014788265340030193
428,698809,-18990342.0,1.0001211166381836,0.02564760111272335,0.04611712694168091
429,698809,-69772165.0,1.0000900030136108,0.04569597914814949,0.029492756351828575
430,698809,-17487664.0,1.0000038146972656,-0.010025889612734318,0.0445077158510685
431,698809,-5081746.0,1.0000050067901611,-0.032389797270298004,-0.013116554357111454
432,698809,-35464856.0,1.000015377998352,0.027925867587327957,0.028279196470975876
433,698809,-11075067.0,1.0000032186508179,0.031427666544914246,0.10270959883928299
434,698809,-32826396.0,1.0000121593475342,0.08759237080812454,0.06022952124476433
435,698809,-87229317.0,1.0000319480895996,0.12944337725639343,0.0865374356508255
436,698809,-10130965.0,1.0000054836273193,0.03184235095977783,0.013502213172614574
437,698809,-58835121.0,1.0002156496047974,0.05099380761384964,0.048587389290332794
438,698809,-44335376.0,1.000004529953003,0.008538066409528255,-0.01782836951315403
439,698809,-71178016.0,1.0000044107437134,0.05270470306277275,0.043212320655584335
440,698809,-47801698.0,1.0000048875808716,0.0554257296025753,0.037263207137584686
441,698809,-48512380.0,1.0000046491622925,0.014959173277020454,0.005463236477226019
442,698809,-22736175.0,1.0000076293945312,0.0008817171328701079,0.009429989382624626
443,698809,-30124256.0,1.0000081062316895,0.001228043343871832,-0.0009290365851484239
444,698809,-53965959.0,1.0000087022781372,0.07706890255212784,0.043925151228904724
445,698809,-42866141.0,1.0000040531158447,-0.0008350517018698156,-0.021092912182211876
446,698809,-5506945.0,1.0006405115127563,-0.01156859565526247,-0.02431945875287056
447,698809,-24014996.0,1.000004529953003,0.010860884562134743,0.010588807985186577
448,698809,-16155983.0,1.0000035762786865,0.006298091262578964,0.01914985664188862
449,698809,-11915581.0,1.0000019073486328,0.0453563928604126,0.012389211915433407
450,698809,-30232351.0,1.0000051259994507,0.08656638115644455,0.08867816627025604
451,698809,-27131955.0,1.0000038146972656,0.06328555196523666,0.011016557924449444
452,698809,-47476802.0,1.0000932216644287,0.00043606210965663195,0.02118951827287674
453,698809,-16835326.0,1.0000044107437134,-0.029630891978740692,0.050645437091588974
454,698809,-41142738.0,1.0000090599060059,0.11418575048446655,0.06896645575761795
455,698809,-46395117.0,1.000008463859558,0.05375143140554428,0.04430818185210228
456,698809,-7425482.0,1.0000076293945312,0.009635237976908684,0.0038088534492999315
457,698809,-31951960.0,1.0000033378601074,-0.007933922111988068,0.0024313507601618767
458,698809,-53915613.0,1.0000046491622925,0.05209552124142647,0.03257760405540466
459,698809,-40299268.0,1.0000030994415283,0.049855783581733704,0.02449808642268181
460,698809,-17133203.0,1.0000029802322388,0.0621175542473793,0.024527808651328087
461,698809,-42037608.0,1.000031590461731,0.059725623577833176,0.038132451474666595
462,698809,-2942565.0,1.0000063180923462,-0.023246275261044502,0.0025266935117542744
463,698809,-11619166.0,1.0000029802322388,0.05091392621397972,0.041951876133680344
464,698809,-15742462.0,1.0000033378601074,0.06275513768196106,0.05086510628461838
465,698809,-19628874.0,1.0000026226043701,0.05975253880023956,8.256982982857153e-05
466,698809,-17543431.0,1.0000056028366089,-0.0032001459039747715,0.011836090125143528
467,698809,-26196675.0,1.0000137090682983,0.01059570163488388,0.007910426706075668
468,698809,-39502375.0,1.0000081062316895,0.03717450797557831,0.0390314944088459
469,698809,-28593318.0,1.0000038146972656,0.026954680681228638,0.04482250288128853
470,698809,-46594468.0,1.0000015497207642,0.0012795032234862447,0.016502976417541504
471,698809,-64821270.0,1.0000051259994507,0.08714265376329422,0.07932686805725098
472,698809,-11491017.0,1.0000017881393433,0.09013036638498306,0.044077131897211075
473,698809,-34073363.0,1.000029444694519,0.06644245982170105,0.05317182093858719
474,698809,-38420338.0,1.0000052452087402,0.04326396808028221,0.03987785428762436
475,698809,-10132488.0,1.0000017881393433,0.031048433855175972,-0.02322022244334221
476,698809,-10175541.0,1.000099778175354,0.041135966777801514,-0.00867492612451315
477,698809,-16842883.0,1.0000042915344238,0.06287454068660736,0.033156219869852066
478,698809,-35622167.0,1.0000033378601074,0.10769060999155045,0.06975361704826355
479,698809,-59310274.0,1.0000033378601074,0.0711275190114975,0.05939088389277458
480,698809,-45797198.0,1.0000234842300415,0.028951747342944145,0.013354289345443249
481,698809,-30093219.0,1.000071406364441,0.03546098247170448,0.025465352460741997
482,698809,-12704711.0,1.000002145767212,0.015892984345555305,0.010606997646391392
483,698809,-37804163.0,1.000002145767212,0.046408314257860184,0.10783768445253372
484,698809,-55709937.0,1.0000133514404297,0.07271818071603775,0.057763054966926575
485,698809,-10891664.0,1.0000027418136597,0.026990877464413643,0.015952255576848984
486,698809,-86530119.0,1.0000101327896118,0.0333249531686306,0.018951425328850746
487,698809,-42535879.0,1.0000038146972656,0.04058796539902687,0.04253975674510002
488,698809,-38311529.0,1.000004529953003,-0.023993007838726044,0.034208089113235474
489,698809,-39200193.0,1.0000032186508179,0.05144573375582695,0.05877591297030449
490,698809,-16196727.0,1.0000197887420654,0.11748137325048447,0.012746156193315983
491,698809,-29539297.0,1.0000050067901611,0.07261618226766586,0.08529051393270493
492,698809,-47557389.0,1.0000028610229492,0.04477398842573166,0.028438420966267586
493,698809,-52389488.0,1.0000098943710327,0.023275520652532578,-0.0010693127987906337
494,698809,-48492192.0,1.0000041723251343,0.0358443483710289,0.025951119139790535
495,698809,-16580553.0,1.0000019073486328,0.08208917826414108,-0.0017562351422384381
496,698809,-15665048.0,1.0000059604644775,0.0966285839676857,0.09398837387561798
497,698809,-68442791.0,1.0000050067901611,0.04595939442515373,0.04147772863507271
498,698809,-79376608.0,1.0000035762786865,0.0046487851068377495,0.019729863852262497
499,698809,-54251051.0,1.0000033378601074,0.04379170760512352,0.04503020644187927
500,698809,-12239882.0,1.0000015497207642,0.03875178098678589,0.021218737587332726
501,698809,-52031022.0,1.0000041723251343,0.07570134848356247,0.07973455637693405
502,698809,-47288411.0,1.0000026226043701,0.06989677995443344,0.044883597642183304
503,698809,-5789665.0,1.0000030994415283,-0.04154131934046745,-0.03380527347326279
504,698809,-27063684.0,1.0000025033950806,0.019514910876750946,-0.008651074022054672
505,698809,-76761255.0,1.0000088214874268,0.05857468023896217,0.05595218017697334
506,698809,-41078401.0,1.000003695487976,0.05344546213746071,0.02419053018093109
507,698809,-51418724.0,1.0000042915344238,0.07125629484653473,0.07722486555576324
508,698809,-52924970.0,1.0000014305114746,0.05589292198419571,0.033838171511888504
509,698809,-46825463.0,1.0000053644180298,0.06754251569509506,0.08640055358409882
510,698809,-13354706.0,1.0000014305114746,0.048485059291124344,0.04665270447731018
511,698809,-50238339.0,1.000001072883606,0.013798045925796032,0.035411588847637177
512,698809,-19302543.0,1.000002145767212,0.10250810533761978,0.08426729589700699
513,698809,-33592580.0,1.0000015497207642,0.026392966508865356,0.04343559592962265
514,698809,-12056892.0,1.0000053644180298,0.010576690547168255,0.024694083258509636
515,698809,-18086430.0,1.0000011920928955,0.06606004387140274,0.004209871403872967
516,698809,-34988466.0,1.0000070333480835,0.0856134295463562,0.052141617983579636
517,698809,-26749411.0,1.0000053644180298,0.016982149332761765,0.056207332760095596
518,698809,-29463829.0,1.0000035762786865,0.05125531181693077,0.03189150243997574
519,698809,-22655302.0,1.000005841255188,0.09503604471683502,0.055570684373378754
520,698809,-8208549.0,1.0000039339065552,-0.01607305370271206,0.011591525748372078
521,698809,-11382219.0,1.000003457069397,0.019377516582608223,0.012436330318450928
522,698809,-13263715.0,1.000002384185791,0.011735348030924797,0.009371013380587101
523,698809,-35808331.0,1.0000075101852417,-0.0054105413146317005,0.002219417132437229
524,698809,-28258272.0,1.000001072883606,0.04511185735464096,0.05133752524852753
525,698809,-17364715.0,1.0000030994415283,0.0704459473490715,0.0607755072414875
526,698809,-66353617.0,1.0000334978103638,0.0645514652132988,0.028462886810302734
527,698809,-35088028.0,1.0000027418136597,0.11967979371547699,0.09708616137504578
528,698809,-84323438.0,1.000012755393982,0.12265919893980026,0.1355176866054535
529,698809,-25448678.0,1.000001072883606,0.028490083292126656,0.0052110920660197735
530,698809,-14056702.0,1.000001072883606,0.044411156326532364,0.02750519849359989
531,698809,-14733294.0,1.0000016689300537,0.12599655985832214,0.09864717721939087
532,698809,-43550570.0,1.000001072883606,0.09339959174394608,0.051760755479335785
533,698809,-22181404.0,1.000001311302185,0.07986974716186523,0.09856238216161728
534,698809,-25731244.0,1.000001072883606,0.05466368794441223,0.024375898763537407
535,698809,-9836522.0,1.0000027418136597,0.049523741006851196,0.014743231236934662
536,698809,-36739695.0,1.0000051259994507,0.01543055847287178,0.05575822293758392
537,698809,-58020299.0,1.0000048875808716,0.02326442115008831,0.021520700305700302
538,698809,-17168940.0,1.000002145767212,0.023496432229876518,0.0019198372028768063
539,698809,-20645199.0,1.0000009536743164,0.08787032961845398,0.10157185047864914
540,698809,-38720574.0,1.0000017881393433,0.06928136199712753,0.04848740994930267
541,698809,-24239146.0,1.0000020265579224,0.04905881732702255,0.028049945831298828
542,698809,-19689561.0,1.0000020265579224,0.02497362159192562,0.05923464521765709
543,698809,-22102826.0,1.0000019073486328,0.11359350383281708,0.061431776732206345
544,698809,-11584517.0,1.0000017881393433,0.05266263335943222,0.058742936700582504
545,698809,-23713103.0,1.0000015497207642,-0.035972710698843,-0.03292626887559891
546,698809,-31097279.0,1.0000026226043701,0.0682268887758255,0.042619362473487854
547,698809,-37094989.0,1.000002384185791,0.12133011966943741,0.08107998967170715
548,698809,-22291717.0,1.0000057220458984,0.10952010005712509,0.08867616206407547
549,698809,-57027740.0,1.0000027418136597,0.07437654584646225,0.06698732078075409
550,698809,-7179391.0,1.000002145767212,-0.041160646826028824,-0.03924091160297394
551,698809,-15683839.0,1.0000007152557373,0.07956551760435104,0.054761406034231186
552,698809,-20676188.0,1.0000030994415283,0.055027928203344345,0.028880350291728973
553,698809,-6358722.0,1.000002145767212,-0.048474058508872986,-0.03100903332233429
554,698809,-41051221.0,1.0000025033950806,0.1297377645969391,0.09748988598585129
555,698809,-38923783.0,1.0000042915344238,0.004474981687963009,0.019934779033064842
556,698809,-25699744.0,1.000002145767212,0.10769561678171158,0.04027888923883438
557,698809,-13443635.0,1.000001311302185,-0.001603921060450375,-0.003717216430231929
558,698809,-17864845.0,1.0000016689300537,0.07320953905582428,0.015864962711930275
559,698809,-22075060.0,1.0000033378601074,0.0890752449631691,0.05269840359687805
560,698809,-30173150.0,1.0000014305114746,0.07582126557826996,0.04934932664036751
561,698809,-36887833.0,1.000001072883606,0.06611088663339615,0.045107800513505936
562,698809,-13768235.0,1.000002384185791,0.06773408502340317,0.03448804095387459
563,698809,-14638804.0,1.000003695487976,-0.010304272174835205,0.013297849334776402
564,698809,-74985308.0,1.0000027418136597,0.06407127529382706,0.06585057079792023
565,698809,-31021328.0,1.000001072883606,0.07304650545120239,0.02377896197140217
566,698809,-12894220.0,1.0000019073486328,0.007262139581143856,-0.01978110522031784
567,698809,-36973342.0,1.000001311302185,0.01834195666015148,0.024369820952415466
568,698809,-13414161.0,1.0000016689300537,0.014496014453470707,0.011154970154166222
569,698809,-49639179.0,1.0000027418136597,0.10641058534383774,0.06426762789487839
570,698809,-41805356.0,1.0000017881393433,0.11685280501842499,0.07687252759933472
571,698809,-39202391.0,1.000002384185791,0.062737837433815,0.04906735569238663
572,698809,-10931778.0,1.0000015497207642,-0.01251696702092886,-0.004710355307906866
573,698809,-11727672.0,1.0000011920928955,0.11467824876308441,0.04831366240978241
574,698809,-34785840.0,1.000001072883606,0.13811549544334412,0.03195226937532425
575,698809,-36491766.0,1.0000048875808716,0.06938258558511734,0.01137218251824379
576,698809,-97400078.0,1.0000029802322388,0.1598139852285385,0.14647914469242096
577,698809,-5871341.0,1.0000008344650269,-0.06030889227986336,-0.004761092364788055
578,698809,-31488207.0,1.0000033378601074,0.08834289014339447,0.053540732711553574
579,698809,-39966260.0,1.0000015497207642,0.12618842720985413,0.041785161942243576
580,698809,-7217107.0,1.0000033378601074,-0.004522391129285097,-0.018624646589159966
581,698809,-22688590.0,1.0000011920928955,0.061783820390701294,0.05120744928717613
582,698809,-47215908.0,1.0000026226043701,0.1098143607378006,0.05253370478749275
583,698809,-29315407.0,1.0000009536743164,0.0610140860080719,0.009676794521510601
584,698809,-17955790.0,1.0000014305114746,0.07620536535978317,0.02453157864511013
585,698809,-4066989.0,1.0000016689300537,-0.051497846841812134,-0.030774876475334167
586,698809,-21864828.0,1.0000026226043701,0.07671453058719635,0.035420000553131104
587,698809,-9922454.0,1.0000011920928955,-0.03694796562194824,-0.02302066795527935
588,698809,-30337787.0,1.0000032186508179,0.11118658632040024,0.006100717466324568
589,698809,-15645534.0,1.0000014305114746,0.01985032670199871,-0.002443034900352359
590,698809,-70209464.0,1.0000066757202148,0.06116870790719986,0.014244760386645794
591,698809,-36514705.0,1.000001311302185,0.1672566533088684,0.04323580488562584
592,698809,-12295962.0,1.0000025033950806,-0.0132459606975317,0.07385201007127762
593,698809,-93377628.0,1.000004768371582,0.1096075251698494,0.06476875394582748
594,698809,-7465022.0,1.000001072883606,-0.032913368195295334,-0.04656737670302391
595,698809,-14091926.0,1.0000015497207642,0.07743221521377563,0.04561489075422287
596,698809,-10350840.0,1.0000015497207642,0.04901610314846039,-0.01397284958511591
597,698809,-70195991.0,1.0000015497207642,0.10899721831083298,0.0736147090792656
598,698809,-53447639.0,1.0000028610229492,0.1281924843788147,0.041022684425115585
599,698809,-46671045.0,1.000003457069397,0.08139237016439438,0.029553396627306938
600,698809,-51645198.0,1.0000016689300537,0.03410424664616585,0.020865101367235184
601,698809,-7743913.0,1.0000027418136597,0.005577273201197386,-0.04647856578230858
602,698809,-18723693.0,1.0000029802322388,-0.03406331315636635,0.004202961456030607
603,698809,-34931593.0,1.0000027418136597,0.060793425887823105,0.04124941676855087
604,698809,-11093570.0,1.000001072883606,0.09901735186576843,0.07076384872198105
605,698809,-10907961.0,1.000002384185791,0.08949600905179977,0.06075345724821091
606,698809,-56053659.0,1.0000016689300537,0.11546194553375244,0.03947281092405319
607,698809,-14395904.0,1.0000017881393433,0.012555545195937157,-0.010274270549416542
608,698809,-21305984.0,1.0000041723251343,0.15348415076732635,0.0851849839091301
609,698809,-6511583.0,1.000001072883606,-0.01868179626762867,0.07028541713953018
610,698809,-18487608.0,1.0000011920928955,0.10273949801921844,0.05154108628630638
611,698809,-14571334.0,1.0000003576278687,0.039825521409511566,0.028936130926012993
612,698809,-21035944.0,1.0000028610229492,0.07416647672653198,0.024013765156269073
613,698809,-77053127.0,1.0000015497207642,0.061944324523210526,0.026232581585645676
614,698809,-28493906.0,1.0000015497207642,0.08522168546915054,0.0489514097571373
615,698809,-32633889.0,1.000002145767212,0.09136982262134552,0.07817750424146652
616,698809,-29058245.0,1.0000015497207642,0.12057821452617645,0.05388709902763367
617,698809,-12045282.0,1.0000011920928955,0.14328062534332275,0.047377802431583405
618,698809,-19304857.0,1.000001311302185,0.17138852179050446,0.06363055109977722
619,698809,-61210164.0,1.0000015497207642,0.10258527845144272,0.0354950875043869
620,698809,-32150987.0,1.0000025033950806,0.049621425569057465,0.031378086656332016
621,698809,-12351118.0,1.0000015497207642,0.013740227557718754,-0.0274015124887228
622,698809,-37550914.0,1.0000009536743164,0.1641261726617813,0.10357488691806793
623,698809,-14480011.0,1.000001311302185,0.0638011246919632,0.013274863362312317
624,698809,-81105149.0,1.0000020265579224,0.10970733314752579,0.062385544180870056
625,698809,-13168448.0,1.0000008344650269,0.007777288556098938,0.022583134472370148
626,698809,-20594320.0,1.0000275373458862,0.10962648689746857,0.03747156262397766
627,698809,-9725008.0,1.0000016689300537,0.08818526566028595,0.02563312090933323
628,698809,-33263795.0,1.000002384185791,0.1503283679485321,0.04651297256350517
629,698809,-50610338.0,1.0000017881393433,0.14483650028705597,0.098082534968853
630,698809,-36851828.0,1.0000019073486328,0.10984034836292267,0.01948164775967598
631,698809,-12741505.0,1.0000016689300537,0.012619631364941597,0.00806723814457655
632,698809,-39543503.0,1.0000100135803223,0.09541686624288559,0.045118626207113266
633,698809,-83501257.0,1.0000038146972656,0.11209484934806824,0.06674797087907791
634,698809,-10925663.0,1.0000019073486328,-0.0017734424909576774,-0.0019056820310652256
635,698809,-13301011.0,1.0000009536743164,0.08983234316110611,0.03376459702849388
636,698809,-23734888.0,1.0000028610229492,0.0703350082039833,0.022861557081341743
637,698809,-62130789.0,1.0000019073486328,0.0864141434431076,0.016242392361164093
638,698809,-27995093.0,1.0000028610229492,0.08963119238615036,0.05100243166089058
639,698809,-57481181.0,1.0000014305114746,0.12091784179210663,0.015053180046379566
640,698809,-14945085.0,1.0000029802322388,0.0933116003870964,0.05749022215604782
641,698809,-14628101.0,1.0000016689300537,0.1013420894742012,0.05031172186136246
642,698809,-29323596.0,1.000001072883606,0.041730597615242004,0.0008801702060736716
643,698809,-3504938.0,1.000001072883606,-0.14023184776306152,-0.01840364746749401
644,698809,-57927709.0,1.0000019073486328,0.0724353939294815,0.0096455542370677
645,698809,-15305400.0,1.000001072883606,0.02613159641623497,0.02860729582607746
646,698809,-89203785.0,1.0000016689300537,0.14575983583927155,0.012963058426976204
647,698809,-45440579.0,1.0000007152557373,0.15316566824913025,0.05856163799762726
648,698809,-36576191.0,1.0000019073486328,0.15933029353618622,0.08551928400993347
649,698809,-27366170.0,1.0000028610229492,0.16392207145690918,0.08000824600458145
650,698809,-52956796.0,1.0000014305114746,0.12969079613685608,0.055858314037323
651,698809,-19137310.0,1.0000008344650269,0.10715755075216293,0.0981244444847107
652,698809,-39902129.0,1.0000048875808716,0.10188375413417816,0.07979843765497208
653,698809,-29972949.0,1.0000009536743164,0.10099051892757416,0.06626420468091965
654,698809,-35652631.0,1.0000017881393433,0.10116253793239594,0.10658412426710129
655,698809,-109053826.0,1.000004529953003,0.12173610925674438,0.03534912317991257
656,698809,-32173842.0,1.0000033378601074,0.050913117825984955,0.06564166396856308
657,698809,-60645709.0,1.0000017881393433,0.09345081448554993,0.08725491911172867
658,698809,-40363073.0,1.0000011920928955,0.0017734728753566742,0.0014350911369547248
659,698809,-83799898.0,1.0000014305114746,0.1658385992050171,0.06941615790128708
660,698809,-41961019.0,1.000001072883606,0.05423935875296593,0.042880576103925705
661,698809,-23686686.0,1.000001311302185,0.0662945955991745,0.07684178650379181
662,698809,-37273819.0,1.0000009536743164,0.12346307933330536,0.12537696957588196
663,698809,-38605303.0,1.000001311302185,0.13513946533203125,0.13842861354351044
664,698809,-48600282.0,1.000001072883606,0.1446310132741928,0.15491066873073578
665,698809,-7857756.0,1.0000007152557373,-0.008257035166025162,0.012251685373485088
666,698809,-8881276.0,1.0000014305114746,0.010828019119799137,0.031754642724990845
667,698809,-25733843.0,1.000001072883606,0.10317094624042511,0.10592926293611526
668,698809,-20455351.0,1.0000110864639282,0.07180427759885788,0.09356457740068436
669,698809,-38707138.0,1.0000026226043701,0.08839641511440277,0.161757230758667
670,698809,-40741846.0,1.0000022649765015,0.03331108018755913,0.09524806588888168
671,698809,-50706002.0,1.0000020265579224,0.054171089082956314,0.10245073586702347
672,698809,-26209350.0,1.0000016689300537,0.0769646018743515,0.12383199483156204
673,698809,-14877697.0,1.0000019073486328,-0.018433863297104836,0.01188180036842823
674,698809,-5485388.0,1.0000009536743164,-0.012869752012193203,-0.06626294553279877
675,698809,-18142235.0,1.0000009536743164,0.07228539884090424,0.11311306059360504
676,698809,-36352822.0,1.0000008344650269,0.12668950855731964,0.14690285921096802
677,698809,-25496566.0,1.0000025033950806,0.10328833758831024,0.09414329379796982
678,698809,-46482185.0,1.0000017881393433,0.1136310026049614,0.16164706647396088
679,698809,-11402688.0,1.0000025033950806,0.06522607803344727,0.08936942368745804
680,698809,-19816883.0,1.000003457069397,0.10907812416553497,0.14920103549957275
681,698809,-54174008.0,1.0000009536743164,0.11406342685222626,0.16545091569423676
682,698809,-64608473.0,1.0000054836273193,0.07889670878648758,0.12473408132791519
683,698809,-29664988.0,1.0000019073486328,0.11570189893245697,0.1653190553188324
684,698809,-44193278.0,1.0000041723251343,0.1579083502292633,0.16212379932403564
685,698809,-32341623.0,1.000001311302185,0.10558344423770905,0.10449957847595215
686,698809,-33551616.0,1.0000007152557373,0.06997191905975342,0.07819849252700806
687,698809,-7845080.0,1.0000011920928955,-0.022484920918941498,-0.002579787513241172
688,698809,-46144769.0,1.0000027418136597,0.06780766695737839,0.06086670979857445
689,698809,-15671767.0,1.0000009536743164,0.0038483093958348036,-0.0011878564255312085
690,698809,-15573669.0,1.0000009536743164,0.10595876723527908,0.0714389756321907
691,698809,-49431701.0,1.0000014305114746,0.08517575263977051,0.08908011019229889
692,698809,-26449342.0,1.0000007152557373,0.06716760993003845,0.06848206371068954
693,698809,-29219571.0,1.0000007152557373,-0.001358832698315382,-0.002448662417009473
694,698809,-52335709.0,1.0000014305114746,0.10906350612640381,0.156671404838562
695,698809,-46021629.0,1.0000011920928955,0.13181573152542114,0.10290564596652985
696,698809,-68540517.0,1.000003457069397,0.07838495820760727,0.07261859625577927
697,698809,-19165741.0,1.0000019073486328,0.07259413599967957,0.09135190397500992
698,698809,-27719057.0,1.0000020265579224,0.11544281244277954,0.09066528081893921
699,698809,-25421555.0,1.0000007152557373,0.05587511509656906,0.020799318328499794
700,698809,-27607292.0,1.000001311302185,0.08611196279525757,0.07521899789571762
701,698809,-83619532.0,1.000003695487976,0.1487683653831482,0.10557930171489716
702,698809,-36146395.0,1.0000011920928955,0.12028267979621887,0.09146177768707275
703,698809,-16606717.0,1.0000015497207642,-0.028779078274965286,0.03778579458594322
704,698809,-87673360.0,1.0000011920928955,0.10134989023208618,0.12600357830524445
705,698809,-9054157.0,1.000001311302185,-0.05212492495775223,-0.03451686352491379
706,698809,-79635018.0,1.0000014305114746,0.06535086035728455,0.05263128876686096
707,698809,-7690892.0,1.000002384185791,0.038005631417036057,0.02672755904495716
708,652978,-24960133.0,1.0000009536743164,0.14966003596782684,0.13872385025024414
709,652978,-18150988.0,1.000001311302185,0.12647907435894012,0.14614789187908173
710,662765,-8511758.0,1.0000016689300537,-0.09397289156913757,-0.1561766266822815
711,662765,-12882071.0,1.0000009536743164,-0.06441086530685425,-0.041120950132608414
712,662765,-30118395.0,1.0000022649765015,0.09726244956254959,0.13572993874549866
713,662765,-53858098.0,1.000002145767212,0.13058722019195557,0.1103224903345108
714,674890,-27872381.0,1.0000009536743164,0.13553723692893982,0.1958111822605133
715,686686,-19707462.0,1.0000032186508179,0.05119789391756058,0.08877919614315033
716,667934,-33174124.0,1.0000009536743164,0.10677743703126907,0.13141761720180511
717,679538,-5339334.0,1.0000005960464478,-0.040601737797260284,-0.0834299698472023
718,655827,-36782581.0,1.0000007152557373,0.013827962800860405,0.032845545560121536
719,655827,-87116830.0,1.0000014305114746,0.15535078942775726,0.12061172723770142
720,679067,-56049594.0,1.0000044107437134,0.013844729401171207,0.011716073378920555
721,662167,-19367124.0,1.0000019073486328,0.05511309206485748,0.11060928553342819
722,695353,-13772948.0,1.0000005960464478,0.10905592888593674,0.16024860739707947
723,673670,-10816992.0,1.0000005960464478,0.004705969709903002,-0.00034962972858920693
724,679563,-37799028.0,1.0000014305114746,0.0583268478512764,0.0776875838637352
725,689539,-11084205.0,1.0000015497207642,0.02873806655406952,-0.024740874767303467
726,695234,-40985858.0,1.0000008344650269,0.10807503759860992,0.15983383357524872
727,691137,-36361109.0,1.0000019073486328,0.11991731822490692,0.2556515336036682
728,690765,-66249322.0,1.0000009536743164,0.14877505600452423,0.1421813666820526
729,682007,-17204121.0,1.0000009536743164,-0.010183987207710743,0.050143614411354065
730,694364,-74519154.0,1.0000131130218506,0.16522571444511414,0.2309720665216446
731,690923,-34743255.0,1.0000016689300537,0.13444176316261292,0.29601120948791504
732,690923,-64738303.0,1.0000011920928955,0.12379062920808792,0.24543434381484985
733,690747,-102832836.0,1.0000014305114746,0.1216079592704773,0.2423211634159088
734,700439,-13122658.0,1.000001072883606,0.047016441822052,0.14917954802513123
735,720348,-14922071.0,1.000001311302185,0.03086252696812153,0.045608989894390106
736,706844,-40296958.0,1.0000011920928955,0.05237337201833725,0.14944243431091309
737,680909,-15723192.0,1.0000011920928955,0.10473766922950745,0.22000816464424133
738,682030,-10769653.0,1.0000017881393433,0.02323652245104313,0.05149714648723602
739,681911,-39589468.0,1.000001072883606,0.1453576236963272,0.31967732310295105
740,681911,-44554706.0,1.0000016689300537,0.1196272224187851,0.2369871586561203
741,683130,-16654624.0,1.0000014305114746,0.03912260755896568,-0.007535628974437714
742,683011,-70640851.0,1.0000032186508179,0.1687031388282776,0.32661351561546326
743,683535,-76310074.0,1.0000011920928955,0.07457675039768219,0.26115113496780396
744,683535,-22799043.0,1.0000046491622925,0.0963892713189125,0.46991756558418274
745,683535,-56022045.0,1.0000004768371582,0.07958421111106873,0.3670273721218109
746,683535,-10248545.0,1.000001072883606,0.014399055391550064,-0.04280361905694008
747,683535,-56572183.0,1.000001072883606,0.05977247655391693,0.25867748260498047
748,683535,-55515170.0,1.0000022649765015,0.13220836222171783,0.2737501561641693
749,683535,-11877379.0,1.0000004768371582,0.007830237969756126,0.17457528412342072
750,683130,-9229295.0,1.0000015497207642,0.023257700726389885,-0.2500062882900238
751,681911,-50989965.0,1.0000016689300537,0.16311362385749817,0.5349783897399902
752,681911,-41709663.0,1.0000005960464478,0.08169332146644592,0.4157484173774719
753,681028,-28364756.0,1.000005841255188,0.07735073566436768,0.46775320172309875
754,696835,-17412574.0,1.0000015497207642,0.04050237685441971,-0.1424223929643631
755,697104,-27251506.0,1.0000008344650269,-0.010019446723163128,-0.05544136092066765
756,646365,-17919534.0,1.0000011920928955,0.068119116127491,0.04072687774896622
757,605445,-20262827.0,1.0000009536743164,0.04249413311481476,0.11285903304815292
758,618739,-59744924.0,1.000001311302185,0.12038025259971619,0.41363003849983215
759,650164,-29602261.0,1.0000007152557373,0.12331753969192505,0.31770527362823486
760,652224,-82896147.0,1.0000027418136597,0.12146754562854767,0.4326823651790619
761,677361,-3680295.0,1.000003457069397,-0.08927969634532928,-0.3020974099636078
762,677361,-36378655.0,1.0000165700912476,0.039378147572278976,0.29298871755599976
763,698809,-13924963.0,1.0000016689300537,0.022076860070228577,0.11573299020528793
764,698809,-12903871.0,1.0000007152557373,0.03358006849884987,0.04769453406333923
765,698809,-23981677.0,1.0000003576278687,0.017453331500291824,0.06597065925598145
766,698809,-16030079.0,1.000001072883606,0.06868775933980942,0.15513980388641357
767,698809,-13293576.0,1.0000014305114746,0.060948990285396576,0.03968128561973572
768,698809,-12915831.0,1.0000005960464478,0.00027034617960453033,-0.005815003998577595
769,698809,-47183096.0,1.0000009536743164,0.0822351798415184,0.16238808631896973
770,698809,-42456104.0,1.0000028610229492,0.13174806535243988,0.3713318705558777
771,698809,-18591803.0,1.0000011920928955,0.09519544243812561,0.1864352971315384
772,698809,-14019785.0,1.0000004768371582,0.08810580521821976,0.16009865701198578
773,698809,-26456042.0,1.000001311302185,0.08504745364189148,0.1455751359462738
774,698809,-25545457.0,1.0000011920928955,0.0323142483830452,0.006751022767275572
775,698809,-32907520.0,1.0000009536743164,0.06667964905500412,0.04171397536993027
776,698809,-35848883.0,1.0000022649765015,0.1052328497171402,0.13998480141162872
777,698809,-15214146.0,1.000002384185791,0.029863551259040833,0.06145220249891281
778,698809,-22742385.0,1.000001311302185,-0.003671761602163315,0.004636235069483519
779,698809,-24677036.0,1.0000027418136597,0.06539968401193619,0.1402215212583542
780,698809,-71919677.0,1.0000016689300537,0.09225612133741379,0.17615340650081635
781,698809,-13019148.0,1.0000004768371582,0.02557496912777424,0.02958325855433941
782,698809,-19582917.0,1.0000017881393433,0.02057810313999653,0.023457564413547516
783,698809,-72179327.0,1.0000038146972656,0.12566161155700684,0.2110065519809723
784,698809,-16213062.0,1.0000019073486328,0.06928598880767822,0.07213861495256424
785,698809,-14842682.0,1.0000008344650269,0.03576279804110527,0.02139524556696415
786,698809,-23384967.0,1.000001311302185,0.10957799106836319,0.08465299755334854
787,698809,-22269480.0,1.0000004768371582,0.08238551765680313,0.09443893283605576
788,698809,-24643706.0,1.000002384185791,0.13006171584129333,0.09948566555976868
789,698809,-53881922.0,1.0000025033950806,0.0932137668132782,0.14137855172157288
790,698809,-20652781.0,1.0000011920928955,0.04568956792354584,0.004233730025589466
791,698809,-53062062.0,1.0000015497207642,0.08522752672433853,0.11519805341959
792,698809,-26650102.0,1.000001072883606,0.07460957765579224,0.1377696990966797
793,698809,-16061396.0,1.0000008344650269,0.11928024142980576,0.07238031178712845
794,698809,-22604255.0,1.000002145767212,0.12102655321359634,0.1343126893043518
795,698809,-51779808.0,1.0000104904174805,0.0693163201212883,0.0440547801554203
796,698809,-10583924.0,1.000009536743164,0.020155515521764755,0.03380757197737694
797,698809,-17636433.0,1.0000015497207642,-0.0010937053011730313,-0.03644241765141487
798,698809,-43199415.0,1.0000005960464478,0.09267393499612808,0.08577973395586014
799,698809,-13709065.0,1.0000004768371582,0.07840598374605179,0.08427554368972778
800,698809,-30243802.0,1.0000114440917969,0.10455143451690674,0.11561943590641022
801,698809,-5691919.0,1.0000035762786865,-0.051175717264413834,-0.03479884937405586
802,698809,-18613714.0,1.0000063180923462,0.06670564413070679,0.05064916983246803
803,698809,-5270453.0,1.0000011920928955,-0.026973214000463486,-0.025367015972733498
804,698809,-10007961.0,1.0000005960464478,0.016933497041463852,0.0004293127276469022
805,698809,-16833827.0,1.0000014305114746,0.13846172392368317,0.11574538797140121
806,698809,-40135315.0,1.0000009536743164,0.04160838574171066,0.030227847397327423
807,698809,-14442088.0,1.000001072883606,0.04001282900571823,0.03267484903335571
808,698809,-80900055.0,1.0000011920928955,0.12569518387317657,0.1686212718486786
809,698809,-79024818.0,1.0000014305114746,0.06929933279752731,0.06610223650932312
810,698809,-74491658.0,1.000008225440979,0.16847991943359375,0.18502499163150787
811,698809,-51864320.0,1.0000020265579224,0.13732098042964935,0.1402522176504135
812,698809,-23450396.0,1.0000004768371582,-0.025044651702046394,-0.00962073728442192
813,698809,-62298280.0,1.0000011920928955,0.09861786663532257,0.13102126121520996
814,698809,-21599350.0,1.0000007152557373,-0.06154311075806618,-0.04132109507918358
815,698809,-52584160.0,1.0000004768371582,0.12914764881134033,0.11526811867952347
816,698809,-22722140.0,1.0000004768371582,0.052935030311346054,0.04091813042759895
817,698809,-23052173.0,1.0000004768371582,0.08567050099372864,0.047275178134441376
818,698809,-19546489.0,1.0000003576278687,0.02001509815454483,0.02467157505452633
819,698809,-46191999.0,1.0000007152557373,0.13047580420970917,0.12389343976974487
820,698809,-53374472.0,1.0000015497207642,0.0712316483259201,0.07002805918455124
821,698809,-99770673.0,1.000001072883606,0.14813168346881866,0.15426377952098846
822,698809,-60703883.0,1.0000022649765015,0.08390693366527557,0.08097804337739944
823,698809,-24773796.0,1.0000007152557373,0.2013041228055954,0.16659346222877502
824,698809,-50569914.0,1.0000017881393433,0.1359546035528183,0.10644858330488205
825,698809,-34194207.0,1.000001311302185,0.03381291776895523,0.023249205201864243
826,698809,-5830153.0,1.0000008344650269,-0.01044017169624567,-0.03818508982658386
827,698809,-45491698.0,1.0000009536743164,0.1420334279537201,0.11127468943595886
828,698809,-29091628.0,1.0000008344650269,0.07689715176820755,0.021827397868037224
829,698809,-69904469.0,1.0000039339065552,0.1285771280527115,0.14625056087970734
830,698809,-14825922.0,1.0000004768371582,-0.015569215640425682,-0.01452626008540392
831,698809,-33389934.0,1.0000009536743164,0.040349241346120834,0.04192197322845459
832,698809,-81046773.0,1.0000014305114746,0.0993170440196991,0.09042570739984512
833,698809,-26421395.0,1.0000009536743164,0.12078537791967392,0.07798915356397629
834,698809,-61170295.0,1.0000008344650269,0.10120797902345657,0.10312388092279434
835,698809,-43644722.0,1.0000005960464478,0.10485975444316864,0.09915582835674286
836,698809,-25299606.0,1.0000004768371582,0.05001797154545784,0.05526336655020714
837,698809,-57541397.0,1.0000009536743164,0.10555357486009598,0.03112623654305935
838,698809,-11293236.0,1.000001311302185,0.03602317348122597,0.041657209396362305
839,698809,-18070193.0,1.0000007152557373,-0.004076994024217129,0.05687185749411583
840,698809,-15127897.0,1.0000009536743164,0.00696492288261652,-0.034691691398620605
841,698809,-24946941.0,1.000001072883606,0.05762312561273575,0.06605397909879684
842,698809,-5899468.0,1.0000019073486328,-0.07195992767810822,-0.01564464345574379
843,698809,-64769144.0,1.000001311302185,0.14867624640464783,0.14409540593624115
844,698809,-15018639.0,1.0000005960464478,0.09153186529874802,0.059923991560935974
845,698809,-24731902.0,1.0000007152557373,0.09445943683385849,0.07820478081703186
846,698809,-19037638.0,1.000013828277588,0.061147190630435944,0.0418766550719738
847,698809,-27953862.0,1.0000011920928955,0.14726512134075165,0.0659279078245163
848,698809,-54111961.0,1.0000009536743164,0.134154811501503,0.09795734286308289
849,698809,-77357519.0,1.0000014305114746,0.15882249176502228,0.17403538525104523
850,698809,-36001738.0,1.0000008344650269,0.1230190098285675,0.05840713530778885
851,698809,-17961273.0,1.000004768371582,0.10017293691635132,0.0691150426864624
852,698809,-31550766.0,1.000001072883606,0.09244860708713531,0.03166378289461136
853,698809,-50078731.0,1.0000011920928955,0.13096211850643158,0.06270451098680496
854,698809,-22010752.0,1.000001311302185,0.09956631809473038,0.07317022234201431
855,698809,-12672929.0,1.0000011920928955,0.07664745301008224,-0.008769187144935131
856,698809,-29935307.0,1.0000008344650269,0.0446462482213974,0.04822065308690071
857,698809,-40201694.0,1.0000003576278687,0.07860897481441498,0.06934336572885513
858,698809,-41522279.0,1.0000005960464478,0.12198109924793243,0.1183362603187561
859,698809,-21006410.0,1.0000004768371582,0.029354890808463097,0.037135668098926544
860,698809,-18973373.0,1.0000007152557373,0.06603333353996277,0.07169242948293686
861,698809,-16239469.0,1.0000004768371582,0.03740127384662628,0.03324727714061737
862,698809,-36452484.0,1.000001311302185,0.08329392224550247,0.06288141757249832
863,698809,-8256099.0,1.0000026226043701,-0.03300398215651512,0.028065361082553864
864,698809,-63682010.0,1.0000007152557373,0.05852343514561653,0.049633320420980453
865,698809,-12603439.0,1.000028371810913,0.06430048495531082,0.06764022260904312
866,698809,-42969818.0,1.0000017881393433,0.08543835580348969,0.03926981985569
867,698809,-47899227.0,1.000001072883606,0.06905433535575867,0.06671909242868423
868,698809,-56853976.0,1.0000008344650269,0.10960325598716736,0.06140846386551857
869,698809,-7108752.0,1.0000007152557373,-0.06010172888636589,-0.024237433448433876
870,698809,-37027730.0,1.0000008344650269,0.11850558966398239,0.05894503742456436
871,698809,-35467888.0,1.000001311302185,0.07305356115102768,0.059663087129592896
872,698809,-82929478.0,1.000001072883606,0.12630850076675415,0.06876355409622192
873,698809,-45316088.0,1.0000039339065552,0.1405118703842163,0.11539965122938156
874,698809,-63808471.0,1.0000015497207642,0.16957679390907288,0.16425111889839172
875,698809,-9552772.0,1.000001311302185,0.0010702062863856554,-0.022621769458055496
876,698809,-32747388.0,1.0000016689300537,0.062117818742990494,0.03157199174165726
877,698809,-34109904.0,1.0000011920928955,0.053152039647102356,0.03033842146396637
878,698809,-30745386.0,1.000003457069397,0.16756996512413025,0.10874633491039276
879,698809,-98092016.0,1.0000022649765015,0.10199733823537827,0.0751667320728302
880,698809,-11822724.0,1.0000005960464478,0.056379396468400955,0.016742907464504242
881,698809,-39878446.0,1.0000038146972656,-0.018581610172986984,-0.031348615884780884
882,698809,-38123660.0,1.0000016689300537,0.11443929374217987,0.12111533433198929
883,698809,-56251528.0,1.0000016689300537,0.1089857816696167,0.09307792037725449
884,698809,-22151642.0,1.000001072883606,0.02383061684668064,0.07459046691656113
885,698809,-52835521.0,1.0000483989715576,0.15933649241924286,0.11569180339574814
886,698809,-7590729.0,1.0000032186508179,-0.07754203677177429,-0.05080351606011391
887,698809,-15911530.0,1.0000004768371582,0.0846317857503891,0.09123293310403824
888,698809,-38053881.0,1.000001072883606,0.15198399126529694,0.11657269299030304
889,698809,-28694361.0,1.0000007152557373,0.038722164928913116,0.00765569694340229
890,698809,-38980945.0,1.0000009536743164,0.13924305140972137,0.10951870679855347
891,698809,-24874471.0,1.0000009536743164,0.04412691295146942,0.020955927670001984
892,698809,-39538266.0,1.0000007152557373,0.1637423038482666,0.09074069559574127
893,698809,-11608041.0,1.0000015497207642,0.014819025993347168,-0.02941274642944336
894,698809,-7917046.0,1.000001072883606,-0.04823784530162811,-0.05906768515706062
895,698809,-63547649.0,1.000001072883606,0.1424700766801834,0.11779308319091797
896,698809,-17222789.0,1.0000008344650269,-0.008386160247027874,-0.04265614598989487
897,698809,-53726747.0,1.0000025033950806,0.12419061362743378,0.07940107583999634
898,698809,-13742152.0,1.0000587701797485,0.11147034168243408,0.048031631857156754
899,698809,-30455153.0,1.0000016689300537,0.08031180500984192,0.10144565254449844
900,698809,-20007762.0,1.0000011920928955,0.04490615427494049,0.03564172983169556
901,698809,-23262116.0,1.0000007152557373,0.03972280025482178,0.01869828812777996
902,698809,-23505805.0,1.0000004768371582,0.020858321338891983,0.0199431125074625
903,698809,-80589620.0,1.0000008344650269,0.14278067648410797,0.06242915987968445
904,698809,-17803708.0,1.0000009536743164,-0.019761979579925537,0.017828553915023804
905,698809,-57840645.0,1.000001072883606,0.09141966700553894,0.0830674022436142
906,698809,-11935441.0,1.0000003576278687,-0.019734129309654236,-0.0035889339633286
907,698809,-14508161.0,1.000001311302185,-0.0035316324792802334,0.015748368576169014
908,698809,-68626105.0,1.0000665187835693,0.10541887581348419,0.0949341356754303
909,698809,-37676435.0,1.0000050067901611,0.04675169661641121,0.025805020704865456
910,698809,-66025294.0,1.0000014305114746,0.09272044897079468,0.06211836263537407
911,698809,-21304347.0,1.0000007152557373,0.014806254766881466,0.01608246937394142
912,698809,-89177866.0,1.0000017881393433,0.13241630792617798,0.11036569625139236
913,698809,-32038869.0,1.0000005960464478,0.09852787107229233,0.03415011614561081
914,698809,-8013596.0,1.0000017881393433,-0.044454898685216904,-0.01862555555999279
915,698809,-55570226.0,1.0000005960464478,0.08565163612365723,0.05856054648756981
916,698809,-9918691.0,1.0000004768371582,-0.018550636246800423,-0.03324509784579277
917,698809,-22714450.0,1.000001072883606,0.027433818206191063,-0.01676040142774582
918,698809,-68993409.0,1.000001072883606,0.0938948541879654,0.06825163215398788
919,698809,-12681991.0,1.000001072883606,0.02924175001680851,-0.012981001287698746
920,698809,-25734749.0,1.0000005960464478,0.06534790992736816,0.0502912774682045
921,698809,-27837177.0,1.0000017881393433,0.007806112989783287,-0.014817931689321995
922,698809,-20846447.0,1.0000007152557373,0.047842707484960556,0.0010297347325831652
923,698809,-6610544.0,1.0000017881393433,-0.0011232130927965045,0.023879539221525192
924,698809,-19255687.0,1.0000004768371582,-0.010737808421254158,-0.026553312316536903
925,698809,-12779522.0,1.000001311302185,0.0208137147128582,0.03791752830147743
926,698809,-70856439.0,1.0000137090682983,0.08333923667669296,0.05664466693997383
927,698809,-43027649.0,1.0000016689300537,0.07623285800218582,0.010616089217364788
928,698809,-23980716.0,1.0000005960464478,0.07053643465042114,0.05289958417415619
929,698809,-16933206.0,1.0000008344650269,0.05884404852986336,0.02715487591922283
930,698809,-17080716.0,1.0000014305114746,0.03563884645700455,-0.009969377890229225
931,698809,-34369869.0,1.0000022649765015,0.07133255153894424,0.026744689792394638
932,698809,-43102513.0,1.0000028610229492,0.008001317270100117,0.012859925627708435
933,698809,-52221046.0,1.0000007152557373,0.07765176892280579,0.03784262016415596
934,698809,-77459504.0,1.000001072883606,0.09743847697973251,0.06186095252633095
935,698809,-12580671.0,1.0000004768371582,0.056984446942806244,0.027175482362508774
936,698809,-28840183.0,1.0000007152557373,0.02826620452105999,0.008528298698365688
937,698809,-9825462.0,1.000001072883606,-0.016911977902054787,0.010655377991497517
938,698809,-8239992.0,1.0000009536743164,0.022757776081562042,-0.008574792183935642
939,698809,-13375713.0,1.0000022649765015,0.0226498544216156,-0.0002700679178815335
940,698809,-27349191.0,1.0000011920928955,0.06096690893173218,0.038399744778871536
941,698809,-32847136.0,1.000001072883606,0.09715749323368073,0.03311896324157715
942,698809,-52572909.0,1.000001311302185,0.1186065748333931,0.06369093805551529
943,698809,-88904696.0,1.0000065565109253,0.05217593163251877,0.009744024835526943
944,698809,-4914615.0,1.000001311302185,-0.05919026583433151,-0.02170354500412941
945,698809,-20365851.0,1.0000243186950684,0.09426381438970566,0.05566830933094025
946,698809,-12660328.0,1.000001311302185,0.03455549106001854,0.07701227068901062
947,698809,-9666619.0,1.000001311302185,0.11470640450716019,0.05633823201060295
948,698809,-15863716.0,1.0000008344650269,0.09099932014942169,0.01133790984749794
949,698809,-40179083.0,1.000001311302185,0.09343449026346207,0.0675332322716713
950,698809,-35712758.0,1.0000022649765015,0.03993405029177666,0.019485585391521454
951,698809,-12560742.0,1.0000007152557373,-0.028851084411144257,-0.0020344650838524103
952,698809,-63746926.0,1.000001072883606,0.07960908114910126,0.028203044086694717
953,698809,-27410701.0,1.0000005960464478,0.05502588301897049,0.018084388226270676
954,698809,-96002580.0,1.0000061988830566,0.08404870331287384,0.05416431650519371
955,698809,-29831560.0,1.000001311302185,0.08721216768026352,0.060803379863500595
956,698809,-64827137.0,1.000001311302185,0.07260380685329437,0.05701481178402901
957,698809,-18039019.0,1.0000122785568237,-0.006459430325776339,0.0001732812961563468
958,698809,-6148159.0,1.0000009536743164,0.10509499162435532,0.002677984768524766
959,698809,-14294894.0,1.0000008344650269,0.07462188601493835,0.044843100011348724
960,698809,-24973234.0,1.0000008344650269,0.08884893357753754,0.03759858384728432
961,698809,-62357270.0,1.0000009536743164,0.05577817186713219,0.02070474624633789
962,698809,-6089768.0,1.0000014305114746,-0.04774593561887741,-0.023293744772672653
963,698809,-9799722.0,1.0000004768371582,0.0783790573477745,0.04310394078493118
964,698809,-35670647.0,1.0000008344650269,0.10074250400066376,0.03024161234498024
965,698809,-9863488.0,1.0000011920928955,-0.009868472814559937,-0.0186572577804327
966,698809,-34916038.0,1.000001072883606,0.0961894616484642,0.021921703591942787
967,698809,-67401067.0,1.0000009536743164,0.04287467151880264,0.02417496219277382
968,698809,-48867880.0,1.0000029802322388,0.07304345816373825,0.02314501814544201
969,698809,-19244671.0,1.000004529953003,-0.0062564960680902,0.048486750572919846
970,698809,-84641417.0,1.0000040531158447,0.061971358954906464,0.035623013973236084
971,698809,-41508309.0,1.0000019073486328,0.07987445592880249,0.04593038558959961
972,698809,-73318573.0,1.0000035762786865,0.09658633917570114,0.05693729594349861
973,698809,-115249328.0,1.0000582933425903,0.10740206390619278,0.06760521978139877
974,698809,-7448101.0,1.0000004768371582,-0.03064858540892601,-0.006682463455945253
975,698809,-11801736.0,1.000001311302185,0.0024978742003440857,0.020262956619262695
976,698809,-21103173.0,1.0000004768371582,0.0815088078379631,0.049383390694856644
977,698809,-13096366.0,1.0000009536743164,0.05619945749640465,0.02181560918688774
978,698809,-49200721.0,1.000008225440979,0.11634425073862076,0.06744636595249176
979,698809,-30525527.0,1.0000008344650269,0.006339185405522585,0.020236127078533173
980,698809,-43464689.0,1.0000004768371582,0.12008365988731384,0.06055508553981781
981,698809,-44534190.0,1.0000003576278687,0.05978548154234886,-0.0012564359931275249
982,698809,-62398411.0,1.0000026226043701,0.11580551415681839,0.07771605253219604
983,698809,-7162609.0,1.000002384185791,-0.03474694862961769,-0.005630811210721731
984,698809,-14597324.0,1.0000008344650269,0.04617584869265556,0.01856515370309353
985,698809,-22890495.0,1.000004768371582,0.052632249891757965,0.02210848778486252
986,698809,-44796272.0,1.0000014305114746,0.13267643749713898,0.10998360812664032
987,698809,-9764761.0,1.0000003576278687,0.03396664932370186,0.020913351327180862
988,698809,-10628783.0,1.000001311302185,0.04903813451528549,0.014273603446781635
989,698809,-15006690.0,1.0000005960464478,-0.016168341040611267,0.00681224325671792
990,698809,-15714653.0,1.0000191926956177,0.06537525355815887,0.018208162859082222
991,698809,-34433960.0,1.000001072883606,0.14607076346874237,0.10483306646347046
992,698809,-22467671.0,1.0000101327896118,0.003283061785623431,0.01730683632194996
993,698809,-24359659.0,1.000001311302185,0.010248725302517414,-0.0251298900693655
994,698809,-18859034.0,1.0000009536743164,0.009885084815323353,-0.016315530985593796
995,698809,-37562612.0,1.0000401735305786,0.07400878518819809,0.05244336277246475
996,698809,-36082398.0,1.0000007152557373,0.05651885271072388,0.053366776555776596
997,698809,-57480305.0,1.0000202655792236,0.09990794956684113,0.10572823137044907
998,698809,-46857130.0,1.0000356435775757,0.09407542645931244,0.047981929033994675
999,698809,-21609021.0,1.0000005960464478,0.12657952308654785,0.10023743659257889
1000,698809,-12728030.0,1.0000004768371582,0.01720673032104969,-0.008834016509354115
1001,698809,-12513871.0,1.0000004768371582,0.012338914908468723,0.03645477816462517
1002,698809,-26082988.0,1.0000008344650269,0.12435369938611984,0.10770131647586823
1003,698809,-64073958.0,1.000001311302185,0.12107226252555847,0.09502438455820084
1004,698809,-41974921.0,1.0000005960464478,0.08459336310625076,0.06899864226579666
1005,698809,-44111665.0,1.000006079673767,0.057290371507406235,0.048676926642656326
1006,698809,-25940982.0,1.0000005960464478,0.07076675444841385,0.060448773205280304
1007,698809,-62675283.0,1.000001072883606,0.11794770509004593,0.128338024020195
1008,698809,-75867094.0,1.0000016689300537,0.09076578170061111,0.085396908223629
